{
  "o2e": {
    "0": 7,
    "1": 4,
    "2": 2,
    "3": 12,
    "4": 16,
    "5": 3,
    "6": 13,
    "7": 6,
    "8": 19,
    "9": 15,
    "10": 18,
    "11": 8,
    "12": 20,
    "13": 9,
    "14": 10,
    "15": 11,
    "16": 17,
    "17": 0,
    "18": 14,
    "19": 1,
    "20": 5,
    "21": 21,
    "22": 25,
    "23": 34,
    "24": 37,
    "25": 40,
    "26": 31,
    "27": 36,
    "28": 42,
    "29": 33,
    "30": 26,
    "31": 22,
    "32": 27,
    "33": 32,
    "34": 35,
    "35": 41,
    "36": 38,
    "37": 24,
    "38": 29,
    "39": 23,
    "40": 30,
    "41": 28,
    "42": 39,
    "43": 62,
    "44": 58,
    "45": 59,
    "46": 52,
    "47": 53,
    "48": 55,
    "49": 57,
    "50": 43,
    "51": 47,
    "52": 51,
    "53": 48,
    "54": 54,
    "55": 60,
    "56": 61,
    "57": 56,
    "58": 49,
    "59": 44,
    "60": 46,
    "61": 50,
    "62": 45,
    "63": 63,
    "64": 64,
    "65": 77,
    "66": 70,
    "67": 68,
    "68": 86,
    "69": 82,
    "70": 80,
    "71": 67,
    "72": 79,
    "73": 74,
    "74": 75,
    "75": 83,
    "76": 65,
    "77": 76,
    "78": 78,
    "79": 71,
    "80": 72,
    "81": 66,
    "82": 73,
    "83": 81,
    "84": 84,
    "85": 85,
    "86": 69,
    "87": 87,
    "88": 105,
    "89": 88,
    "90": 101,
    "91": 90,
    "92": 103,
    "93": 89,
    "94": 94,
    "95": 108,
    "96": 100,
    "97": 93,
    "98": 95,
    "99": 98,
    "100": 91,
    "101": 102,
    "102": 92,
    "103": 104,
    "104": 96,
    "105": 106,
    "106": 107,
    "107": 99,
    "108": 97,
    "109": 126,
    "110": 116,
    "111": 124,
    "112": 110,
    "113": 109,
    "114": 125,
    "115": 115,
    "116": 123,
    "117": 117,
    "118": 128,
    "119": 127,
    "120": 118,
    "121": 112,
    "122": 121,
    "123": 130,
    "124": 111,
    "125": 129,
    "126": 120,
    "127": 113,
    "128": 114,
    "129": 119,
    "130": 122,
    "131": 143,
    "132": 147,
    "133": 144,
    "134": 145,
    "135": 141,
    "136": 138,
    "137": 150,
    "138": 149,
    "139": 146,
    "140": 134,
    "141": 131,
    "142": 132,
    "143": 142,
    "144": 148,
    "145": 133,
    "146": 151,
    "147": 137,
    "148": 152,
    "149": 135,
    "150": 140,
    "151": 139,
    "152": 136
  },
  "se2e": {
    "S01E08": 7,
    "S01E05": 4,
    "S01E03": 2,
    "S01E13": 12,
    "S01E17": 16,
    "S01E04": 3,
    "S01E14": 13,
    "S01E07": 6,
    "S01E20": 19,
    "S01E16": 15,
    "S01E19": 18,
    "S01E09": 8,
    "S01E21": 20,
    "S01E10": 9,
    "S01E11": 10,
    "S01E12": 11,
    "S01E18": 17,
    "S01E01": 0,
    "S01E15": 14,
    "S01E02": 1,
    "S01E06": 5,
    "S02E01": 21,
    "S02E05": 25,
    "S02E14": 34,
    "S02E17": 37,
    "S02E20": 40,
    "S02E11": 31,
    "S02E16": 36,
    "S02E22": 42,
    "S02E13": 33,
    "S02E06": 26,
    "S02E02": 22,
    "S02E07": 27,
    "S02E12": 32,
    "S02E15": 35,
    "S02E21": 41,
    "S02E18": 38,
    "S02E04": 24,
    "S02E09": 29,
    "S02E03": 23,
    "S02E10": 30,
    "S02E08": 28,
    "S02E19": 39,
    "S03E20": 62,
    "S03E16": 58,
    "S03E17": 59,
    "S03E10": 52,
    "S03E11": 53,
    "S03E13": 55,
    "S03E15": 57,
    "S03E01": 43,
    "S03E05": 47,
    "S03E09": 51,
    "S03E06": 48,
    "S03E12": 54,
    "S03E18": 60,
    "S03E19": 61,
    "S03E14": 56,
    "S03E07": 49,
    "S03E02": 44,
    "S03E04": 46,
    "S03E08": 50,
    "S03E03": 45,
    "S03E21": 63,
    "S03E22": 64,
    "S04E13": 77,
    "S04E06": 70,
    "S04E04": 68,
    "S04E22": 86,
    "S04E18": 82,
    "S04E16": 80,
    "S04E03": 67,
    "S04E15": 79,
    "S04E10": 74,
    "S04E11": 75,
    "S04E19": 83,
    "S04E01": 65,
    "S04E12": 76,
    "S04E14": 78,
    "S04E07": 71,
    "S04E08": 72,
    "S04E02": 66,
    "S04E09": 73,
    "S04E17": 81,
    "S04E20": 84,
    "S04E21": 85,
    "S04E05": 69,
    "S05E01": 87,
    "S05E19": 105,
    "S05E02": 88,
    "S05E15": 101,
    "S05E04": 90,
    "S05E17": 103,
    "S05E03": 89,
    "S05E08": 94,
    "S05E22": 108,
    "S05E14": 100,
    "S05E07": 93,
    "S05E09": 95,
    "S05E12": 98,
    "S05E05": 91,
    "S05E16": 102,
    "S05E06": 92,
    "S05E18": 104,
    "S05E10": 96,
    "S05E20": 106,
    "S05E21": 107,
    "S05E13": 99,
    "S05E11": 97,
    "S06E18": 126,
    "S06E08": 116,
    "S06E16": 124,
    "S06E02": 110,
    "S06E01": 109,
    "S06E17": 125,
    "S06E07": 115,
    "S06E15": 123,
    "S06E09": 117,
    "S06E20": 128,
    "S06E19": 127,
    "S06E10": 118,
    "S06E04": 112,
    "S06E13": 121,
    "S06E22": 130,
    "S06E03": 111,
    "S06E21": 129,
    "S06E12": 120,
    "S06E05": 113,
    "S06E06": 114,
    "S06E11": 119,
    "S06E14": 122,
    "S07E13": 143,
    "S07E17": 147,
    "S07E14": 144,
    "S07E15": 145,
    "S07E11": 141,
    "S07E08": 138,
    "S07E20": 150,
    "S07E19": 149,
    "S07E16": 146,
    "S07E04": 134,
    "S07E01": 131,
    "S07E02": 132,
    "S07E12": 142,
    "S07E18": 148,
    "S07E03": 133,
    "S07E21": 151,
    "S07E07": 137,
    "S07E22": 152,
    "S07E05": 135,
    "S07E10": 140,
    "S07E09": 139,
    "S07E06": 136
  }
}