{
  "o2e": {
    "0": 0,
    "1": 1,
    "2": 2,
    "3": 3,
    "4": 4,
    "5": 5,
    "6": 6,
    "7": 7,
    "8": 8,
    "9": 9,
    "10": 10,
    "11": 11,
    "12": 12,
    "13": 13,
    "14": 14,
    "15": 15,
    "16": 16,
    "17": 17,
    "18": 18,
    "19": 19,
    "20": 20,
    "21": 21,
    "22": 22,
    "23": 23,
    "24": 24,
    "25": 25,
    "26": 26,
    "27": 27,
    "28": 28,
    "29": 29,
    "30": 30,
    "31": 31,
    "32": 32,
    "33": 33,
    "34": 34,
    "35": 35,
    "36": 36,
    "37": 37,
    "38": 38,
    "39": 39,
    "40": 40,
    "41": 41,
    "42": 42,
    "43": 43,
    "44": 44,
    "45": 45,
    "46": 46,
    "47": 47,
    "48": 48,
    "49": 49,
    "50": 50,
    "51": 51,
    "52": 52,
    "53": 53,
    "54": 54,
    "55": 55,
    "56": 56,
    "57": 57,
    "58": 58,
    "59": 59,
    "60": 60,
    "61": 61,
    "62": 62,
    "63": 63,
    "64": 64,
    "65": 65,
    "66": 66,
    "67": 67,
    "68": 68,
    "69": 69,
    "70": 70,
    "71": 71,
    "72": 72,
    "73": 73,
    "74": 74,
    "75": 75,
    "76": 76,
    "77": 77,
    "78": 78,
    "79": 79,
    "80": 80,
    "81": 81,
    "82": 82,
    "83": 83,
    "84": 84,
    "85": 85,
    "86": 86,
    "87": 87,
    "88": 88,
    "89": 89,
    "90": 90,
    "91": 91,
    "92": 92,
    "93": 93,
    "94": 94,
    "95": 95,
    "96": 96,
    "97": 97,
    "98": 98,
    "99": 99,
    "100": 100,
    "101": 101,
    "102": 102,
    "103": 103,
    "104": 104,
    "105": 105,
    "106": 106,
    "107": 107,
    "108": 108,
    "109": 109,
    "110": 110,
    "111": 111,
    "112": 112,
    "113": 113,
    "114": 114,
    "115": 115,
    "116": 116,
    "117": 117,
    "118": 118,
    "119": 119,
    "120": 120,
    "121": 121,
    "122": 122,
    "123": 123,
    "124": 124,
    "125": 125,
    "126": 126,
    "127": 127,
    "128": 128,
    "129": 129,
    "130": 130,
    "131": 131,
    "132": 132,
    "133": 133,
    "134": 134,
    "135": 135,
    "136": 136,
    "137": 137,
    "138": 138,
    "139": 139,
    "140": 140,
    "141": 141,
    "142": 142,
    "143": 143,
    "144": 144,
    "145": 145,
    "146": 146,
    "147": 147,
    "148": 148,
    "149": 149,
    "150": 150,
    "151": 151,
    "152": 152,
    "153": 153,
    "154": 154,
    "155": 155,
    "156": 156,
    "157": 157,
    "158": 158,
    "159": 159,
    "160": 160,
    "161": 161,
    "162": 162,
    "163": 163,
    "164": 164,
    "165": 165,
    "166": 166,
    "167": 167,
    "168": 168,
    "169": 169,
    "170": 170,
    "171": 171,
    "172": 172,
    "173": 173,
    "174": 174,
    "175": 175,
    "176": 176,
    "177": 177,
    "178": 178,
    "179": 179,
    "180": 180,
    "181": 181,
    "182": 182,
    "183": 183,
    "184": 184,
    "185": 185,
    "186": 186,
    "187": 187,
    "188": 188,
    "189": 189,
    "190": 190,
    "191": 191,
    "192": 192,
    "193": 193,
    "194": 194,
    "195": 195,
    "196": 196,
    "197": 197,
    "198": 198,
    "199": 199,
    "200": 200,
    "201": 201,
    "202": 202,
    "203": 203,
    "204": 204,
    "205": 205,
    "206": 206,
    "207": 207
  },
  "se2e": {
    "S01E01": 0,
    "S01E02": 1,
    "S01E03": 2,
    "S01E04": 3,
    "S01E05": 4,
    "S01E06": 5,
    "S01E07": 6,
    "S01E08": 7,
    "S01E09": 8,
    "S01E10": 9,
    "S01E11": 10,
    "S01E12": 11,
    "S01E13": 12,
    "S01E14": 13,
    "S01E15": 14,
    "S01E16": 15,
    "S01E17": 16,
    "S01E18": 17,
    "S01E19": 18,
    "S01E20": 19,
    "S01E21": 20,
    "S01E22": 21,
    "S02E01": 22,
    "S02E02": 23,
    "S02E03": 24,
    "S02E04": 25,
    "S02E05": 26,
    "S02E06": 27,
    "S02E07": 28,
    "S02E08": 29,
    "S02E09": 30,
    "S02E10": 31,
    "S02E11": 32,
    "S02E12": 33,
    "S02E13": 34,
    "S02E14": 35,
    "S02E15": 36,
    "S02E16": 37,
    "S02E17": 38,
    "S02E18": 39,
    "S02E19": 40,
    "S02E20": 41,
    "S02E21": 42,
    "S02E22": 43,
    "S03E01": 44,
    "S03E02": 45,
    "S03E03": 46,
    "S03E04": 47,
    "S03E05": 48,
    "S03E06": 49,
    "S03E07": 50,
    "S03E08": 51,
    "S03E09": 52,
    "S03E10": 53,
    "S03E11": 54,
    "S03E12": 55,
    "S03E13": 56,
    "S03E14": 57,
    "S03E15": 58,
    "S03E16": 59,
    "S03E17": 60,
    "S03E18": 61,
    "S03E19": 62,
    "S03E20": 63,
    "S04E01": 64,
    "S04E02": 65,
    "S04E03": 66,
    "S04E04": 67,
    "S04E05": 68,
    "S04E06": 69,
    "S04E07": 70,
    "S04E08": 71,
    "S04E09": 72,
    "S04E10": 73,
    "S04E11": 74,
    "S04E12": 75,
    "S04E13": 76,
    "S04E14": 77,
    "S04E15": 78,
    "S04E16": 79,
    "S04E17": 80,
    "S04E18": 81,
    "S04E19": 82,
    "S04E20": 83,
    "S04E21": 84,
    "S04E22": 85,
    "S04E23": 86,
    "S04E24": 87,
    "S05E01": 88,
    "S05E02": 89,
    "S05E03": 90,
    "S05E04": 91,
    "S05E05": 92,
    "S05E06": 93,
    "S05E07": 94,
    "S05E08": 95,
    "S05E09": 96,
    "S05E10": 97,
    "S05E11": 98,
    "S05E12": 99,
    "S05E13": 100,
    "S05E14": 101,
    "S05E15": 102,
    "S05E16": 103,
    "S05E17": 104,
    "S05E18": 105,
    "S05E19": 106,
    "S05E20": 107,
    "S05E21": 108,
    "S05E22": 109,
    "S05E23": 110,
    "S05E24": 111,
    "S06E01": 112,
    "S06E02": 113,
    "S06E03": 114,
    "S06E04": 115,
    "S06E05": 116,
    "S06E06": 117,
    "S06E07": 118,
    "S06E08": 119,
    "S06E09": 120,
    "S06E10": 121,
    "S06E11": 122,
    "S06E12": 123,
    "S06E13": 124,
    "S06E14": 125,
    "S06E15": 126,
    "S06E16": 127,
    "S06E17": 128,
    "S06E18": 129,
    "S06E19": 130,
    "S06E20": 131,
    "S06E21": 132,
    "S06E22": 133,
    "S06E23": 134,
    "S06E24": 135,
    "S07E01": 136,
    "S07E02": 137,
    "S07E03": 138,
    "S07E04": 139,
    "S07E05": 140,
    "S07E06": 141,
    "S07E07": 142,
    "S07E08": 143,
    "S07E09": 144,
    "S07E10": 145,
    "S07E11": 146,
    "S07E12": 147,
    "S07E13": 148,
    "S07E14": 149,
    "S07E15": 150,
    "S07E16": 151,
    "S07E17": 152,
    "S07E18": 153,
    "S07E19": 154,
    "S07E20": 155,
    "S07E21": 156,
    "S07E22": 157,
    "S07E23": 158,
    "S07E24": 159,
    "S08E01": 160,
    "S08E02": 161,
    "S08E03": 162,
    "S08E04": 163,
    "S08E05": 164,
    "S08E06": 165,
    "S08E07": 166,
    "S08E08": 167,
    "S08E09": 168,
    "S08E10": 169,
    "S08E11": 170,
    "S08E12": 171,
    "S08E13": 172,
    "S08E14": 173,
    "S08E15": 174,
    "S08E16": 175,
    "S08E17": 176,
    "S08E18": 177,
    "S08E19": 178,
    "S08E20": 179,
    "S08E21": 180,
    "S08E22": 181,
    "S08E23": 182,
    "S08E24": 183,
    "S09E01": 184,
    "S09E02": 185,
    "S09E03": 186,
    "S09E04": 187,
    "S09E05": 188,
    "S09E06": 189,
    "S09E07": 190,
    "S09E08": 191,
    "S09E09": 192,
    "S09E10": 193,
    "S09E11": 194,
    "S09E12": 195,
    "S09E13": 196,
    "S09E14": 197,
    "S09E15": 198,
    "S09E16": 199,
    "S09E17": 200,
    "S09E18": 201,
    "S09E19": 202,
    "S09E20": 203,
    "S09E21": 204,
    "S09E22": 205,
    "S09E23": 206,
    "S09E24": 207
  }
}