<?xml version="1.0" encoding="UTF-8" standalone="yes"?>
<addon id="repository.kodicek" name="Kodicek Repository" version="1.0.0" provider-name="DavioCZ">
    <extension point="xbmc.addon.repository" name="Kodicek Repository">
        <info compressed="false">https://raw.githubusercontent.com/DavioCZ/Kodicek/main/addons.xml</info>
        <checksum>https://raw.githubusercontent.com/DavioCZ/Kodicek/main/addons.xml.md5</checksum>
        <datadir zip="true">https://github.com/DavioCZ/Kodicek/raw/main/repo</datadir>
    </extension>
    <extension point="xbmc.addon.metadata">
        <summary>Instalační repozitář pro doplňky od DavioCZ</summary>
        <description>Tento repozitář obsahuje doplňky pro Kodi, včetně populárního pluginu Kodíček pro přehrávání online obsahu.</description>
        <disclaimer></disclaimer>
        <platform>all</platform>
        <assets>
            <icon>icon.png</icon>
            <fanart>fanart.jpg</fanart>
        </assets>
    </extension>
</addon>
