<?xml version="1.0" encoding="UTF-8" standalone="yes"?>
<addon id="plugin.video.kodicek"
       name="Kodíček"
       version="1.6.0"
       provider-name="DavioCZ">

    <requires>
        <import addon="xbmc.python" version="3.0.1"/>
        <import addon="script.module.requests" version="2.31.0"/>
        <import addon="script.module.unidecode" version="0.4.16"/>
    </requires>

    <extension point="xbmc.python.pluginsource" library="kodicek.py">
        <provides>video</provides>
    </extension>

    <extension point="xbmc.service"
               library="resources/lib/autoplay_service.py"
               start="startup" />

    <extension point="xbmc.addon.metadata" icon="icon.png">
        <summary lang="cs">Jednoduchý vyhledávač a přehrávač filmů a seriálů z Webshare, Sdílej.cz a dalších zdrojů pro Kodi.</summary>
        <disclaimer lang="cs">Tento doplněk je vyvíjen čistě pro vzdělávací a testovací účely. Autor nehostuje žádný obsah a nenese odpovědnost za jeho využití. Veškerý obsah je získáván z veřejně dostupných zdrojů.</disclaimer>
        <platform>all</platform>
        <license>AGPL 3.0</license>
        <!-- Zde můžeš uvést odkaz na fórum nebo repo -->
        <!-- <forum>https://www.xbmc-kodi.cz/prispevek-kodicek</forum> -->
        <!-- <source>https://github.com/DavioCZ/Kodicek</source> -->
        <assets>
            <icon>icon.png</icon>
            <fanart>fanart.jpg</fanart>
        </assets>
        <news>
            [B]1.7.1[/B] - 2025-07-07 - Oprava zpracování přesměrovávacích URL ze Sdilej.cz, vylepšení přihlašování a stability.
            [B]1.6.0[/B] - 2025-07-07 - Implementace autoplay pro plynulé přehrávání dalších epizod, včetně oprav a optimalizací.
            [B]1.5.0[/B] - 2025-07-07 - Odebrána experimentální podpora Fastshare, přidány opravy pro TMDb/Webshare a vylepšena struktura pro rychlejší instalaci.
        </news>
    </extension>

</addon>
