oindex,elementum_index,path
0,0,How.I.Met.Your.Mother.S01.1080p.WEB-DL.DD5.1.H.264.CZ-GHDC/How.I.Met.Your.Mother.S01E01.Pilot.1080p.WEB-DL.DD5.1.H.264.CZ-GHDC.mkv
1,1,How.I.Met.Your.Mother.S01.1080p.WEB-DL.DD5.1.H.264.CZ-GHDC/How.I.Met.Your.Mother.S01E02.Puple.Giraffe.1080p.WEB-DL.DD5.1.H.264.CZ-GHDC.mkv
2,2,How.I.Met.Your.Mother.S01.1080p.WEB-DL.DD5.1.H.264.CZ-GHDC/How.I.Met.Your.Mother.S01E03.The.Sweet.Taste.of.Liberty.1080p.WEB-DL.DD5.1.H.264.CZ-GHDC.mkv
3,3,How.I.Met.Your.Mother.S01.1080p.WEB-DL.DD5.1.H.264.CZ-GHDC/How.I.Met.Your.Mother.S01E04.Return.of.the.Shirt.1080p.WEB-DL.DD5.1.H.264.CZ-GHDC.mkv
4,4,How.I.Met.Your.Mother.S01.1080p.WEB-DL.DD5.1.H.264.CZ-GHDC/How.I.Met.Your.Mother.S01E05.Okay.Awesome.1080p.WEB-DL.DD5.1.H.264.CZ-GHDC.mkv
5,5,How.I.Met.Your.Mother.S01.1080p.WEB-DL.DD5.1.H.264.CZ-GHDC/How.I.Met.Your.Mother.S01E06.The.Slutty.Pumpkin.1080p.WEB-DL.DD5.1.H.264.CZ-GHDC.mkv
6,6,How.I.Met.Your.Mother.S01.1080p.WEB-DL.DD5.1.H.264.CZ-GHDC/How.I.Met.Your.Mother.S01E07.Matchmaker.1080p.WEB-DL.DD5.1.H.264.CZ-GHDC.mkv
7,7,How.I.Met.Your.Mother.S01.1080p.WEB-DL.DD5.1.H.264.CZ-GHDC/How.I.Met.Your.Mother.S01E08.The.Duel.1080p.WEB-DL.DD5.1.H.264.CZ-GHDC.mkv
8,8,How.I.Met.Your.Mother.S01.1080p.WEB-DL.DD5.1.H.264.CZ-GHDC/How.I.Met.Your.Mother.S01E09.Belly.Full.of.Turkey.1080p.WEB-DL.DD5.1.H.264.CZ-GHDC.mkv
9,9,How.I.Met.Your.Mother.S01.1080p.WEB-DL.DD5.1.H.264.CZ-GHDC/How.I.Met.Your.Mother.S01E10.The.Pineapple.Incident.1080p.WEB-DL.DD5.1.H.264.CZ-GHDC.mkv
10,10,How.I.Met.Your.Mother.S01.1080p.WEB-DL.DD5.1.H.264.CZ-GHDC/How.I.Met.Your.Mother.S01E11.The.Limo.1080p.WEB-DL.DD5.1.H.264.CZ-GHDC.mkv
11,11,How.I.Met.Your.Mother.S01.1080p.WEB-DL.DD5.1.H.264.CZ-GHDC/How.I.Met.Your.Mother.S01E12.The.Wedding.1080p.WEB-DL.DD5.1.H.264.CZ-GHDC.mkv
12,12,How.I.Met.Your.Mother.S01.1080p.WEB-DL.DD5.1.H.264.CZ-GHDC/How.I.Met.Your.Mother.S01E13.Drumroll.Please.1080p.WEB-DL.DD5.1.H.264.CZ-GHDC.mkv
13,13,How.I.Met.Your.Mother.S01.1080p.WEB-DL.DD5.1.H.264.CZ-GHDC/How.I.Met.Your.Mother.S01E14.Zip.Zip.Zip.1080p.WEB-DL.DD5.1.H.264.CZ-GHDC.mkv
14,14,How.I.Met.Your.Mother.S01.1080p.WEB-DL.DD5.1.H.264.CZ-GHDC/How.I.Met.Your.Mother.S01E15.Game.Night.1080p.WEB-DL.DD5.1.H.264.CZ-GHDC.mkv
15,15,How.I.Met.Your.Mother.S01.1080p.WEB-DL.DD5.1.H.264.CZ-GHDC/How.I.Met.Your.Mother.S01E16.Cupcake.1080p.WEB-DL.DD5.1.H.264.CZ-GHDC.mkv
16,16,How.I.Met.Your.Mother.S01.1080p.WEB-DL.DD5.1.H.264.CZ-GHDC/How.I.Met.Your.Mother.S01E17.Life.Among.the.Gorillas.1080p.WEB-DL.DD5.1.H.264.CZ-GHDC.mkv
17,17,How.I.Met.Your.Mother.S01.1080p.WEB-DL.DD5.1.H.264.CZ-GHDC/How.I.Met.Your.Mother.S01E18.Nothing.Good.Ever.Happens.After.2.AM.1080p.WEB-DL.DD5.1.H.264.CZ.GHDC.mkv
18,18,How.I.Met.Your.Mother.S01.1080p.WEB-DL.DD5.1.H.264.CZ-GHDC/How.I.Met.Your.Mother.S01E19.Mary.the.Paralegal.1080p.WEB-DL.DD5.1.H.264.CZ.GHDC.mkv
19,19,How.I.Met.Your.Mother.S01.1080p.WEB-DL.DD5.1.H.264.CZ-GHDC/How.I.Met.Your.Mother.S01E20.Best.Prom.Ever.1080p.WEB-DL.DD5.1.H.264.CZ.GHDC.mkv
20,20,How.I.Met.Your.Mother.S01.1080p.WEB-DL.DD5.1.H.264.CZ-GHDC/How.I.Met.Your.Mother.S01E21.Milk.1080p.WEB-DL.DD5.1.H.264.CZ-GHDC.mkv
21,21,How.I.Met.Your.Mother.S01.1080p.WEB-DL.DD5.1.H.264.CZ-GHDC/How.I.Met.Your.Mother.S01E22.Come.On.1080p.WEB-DL.DD5.1.H.264.CZ-GHDC.mkv
22,22,How.I.Met.Your.Mother.S02.1080p.WEB-DL.DD5.1.H.264.CZ-GHDC/How.I.Met.Your.Mother.S02E01.Where.Were.We.1080p.WEB-DL.DD5.1.H.264.CZ-GHDC.mkv
23,23,How.I.Met.Your.Mother.S02.1080p.WEB-DL.DD5.1.H.264.CZ-GHDC/How.I.Met.Your.Mother.S02E02.The.Scorpion.and.the.Toad.1080p.WEB-DL.DD5.1.H.264.CZ-GHDC.mkv
24,24,How.I.Met.Your.Mother.S02.1080p.WEB-DL.DD5.1.H.264.CZ-GHDC/How.I.Met.Your.Mother.S02E03.Brunch.1080p.WEB-DL.DD5.1.H.264.CZ-GHDC.mkv
25,25,How.I.Met.Your.Mother.S02.1080p.WEB-DL.DD5.1.H.264.CZ-GHDC/How.I.Met.Your.Mother.S02E04.Ted.Mosby.Architect.1080p.WEB-DL.DD5.1.H.264.CZ-GHDC.mkv
26,26,How.I.Met.Your.Mother.S02.1080p.WEB-DL.DD5.1.H.264.CZ-GHDC/How.I.Met.Your.Mother.S02E05.Worlds.Greatest.Couple.1080p.WEB-DL.DD5.1.H.264.CZ-GHDC.mkv
27,27,How.I.Met.Your.Mother.S02.1080p.WEB-DL.DD5.1.H.264.CZ-GHDC/How.I.Met.Your.Mother.S02E06.Aldrin.Justice.1080p.WEB-DL.DD5.1.H.264.CZ-GHDC.mkv
28,28,How.I.Met.Your.Mother.S02.1080p.WEB-DL.DD5.1.H.264.CZ-GHDC/How.I.Met.Your.Mother.S02E07.Swarley.1080p.WEB-DL.DD5.1.H.264.CZ-GHDC.mkv
29,29,How.I.Met.Your.Mother.S02.1080p.WEB-DL.DD5.1.H.264.CZ-GHDC/How.I.Met.Your.Mother.S02E08.Atlantic.City.1080p.WEB-DL.DD5.1.H.264.CZ-GHDC.mkv
30,30,How.I.Met.Your.Mother.S02.1080p.WEB-DL.DD5.1.H.264.CZ-GHDC/How.I.Met.Your.Mother.S02E09.Slap.Bet.1080p.WEB-DL.DD5.1.H.264.CZ-GHDC.mkv
31,31,How.I.Met.Your.Mother.S02.1080p.WEB-DL.DD5.1.H.264.CZ-GHDC/How.I.Met.Your.Mother.S02E10.Single.Stamina.1080p.WEB-DL.DD5.1.H.264.CZ-GHDC.mkv
32,32,How.I.Met.Your.Mother.S02.1080p.WEB-DL.DD5.1.H.264.CZ-GHDC/How.I.Met.Your.Mother.S02E11.How.Lily.Stole.Christmas.1080p.WEB-DL.DD5.1.H.264.CZ-GHDC.mkv
33,33,How.I.Met.Your.Mother.S02.1080p.WEB-DL.DD5.1.H.264.CZ-GHDC/How.I.Met.Your.Mother.S02E12.First.Time.in.New.York.1080p.WEB-DL.DD5.1.H.264.CZ-GHDC.mkv
34,34,How.I.Met.Your.Mother.S02.1080p.WEB-DL.DD5.1.H.264.CZ-GHDC/How.I.Met.Your.Mother.S02E13.Columns.1080p.WEB-DL.DD5.1.H.264.CZ-GHDC.mkv
35,35,How.I.Met.Your.Mother.S02.1080p.WEB-DL.DD5.1.H.264.CZ-GHDC/How.I.Met.Your.Mother.S02E14.Monday.Night.Football.1080p.WEB-DL.DD5.1.H.264.CZ-GHDC.mkv
36,36,How.I.Met.Your.Mother.S02.1080p.WEB-DL.DD5.1.H.264.CZ-GHDC/How.I.Met.Your.Mother.S02E15.Lucky.Penny.1080p.WEB-DL.DD5.1.H.264.CZ-GHDC.mkv
37,37,How.I.Met.Your.Mother.S02.1080p.WEB-DL.DD5.1.H.264.CZ-GHDC/How.I.Met.Your.Mother.S02E16.Stuff.1080p.WEB-DL.DD5.1.H.264.CZ-GHDC.mkv
38,38,How.I.Met.Your.Mother.S02.1080p.WEB-DL.DD5.1.H.264.CZ-GHDC/How.I.Met.Your.Mother.S02E17.Arrivederci.Fiero.1080p.WEB-DL.DD5.1.H.264.CZ-GHDC.mkv
39,39,How.I.Met.Your.Mother.S02.1080p.WEB-DL.DD5.1.H.264.CZ-GHDC/How.I.Met.Your.Mother.S02E18.Moving.Day.1080p.WEB-DL.DD5.1.H.264.CZ-GHDC.mkv
40,40,How.I.Met.Your.Mother.S02.1080p.WEB-DL.DD5.1.H.264.CZ-GHDC/How.I.Met.Your.Mother.S02E19.Bachelor.Party.1080p.WEB-DL.DD5.1.H.264.CZ-GHDC.mkv
41,41,How.I.Met.Your.Mother.S02.1080p.WEB-DL.DD5.1.H.264.CZ-GHDC/How.I.Met.Your.Mother.S02E20.Showdown.1080p.WEB-DL.DD5.1.H.264.CZ-GHDC.mkv
42,42,How.I.Met.Your.Mother.S02.1080p.WEB-DL.DD5.1.H.264.CZ-GHDC/How.I.Met.Your.Mother.S02E21.Something.Borrowed.1080p.WEB-DL.DD5.1.H.264.CZ-GHDC.mkv
43,43,How.I.Met.Your.Mother.S02.1080p.WEB-DL.DD5.1.H.264.CZ-GHDC/How.I.Met.Your.Mother.S02E22.Something.Blue.1080p.WEB-DL.DD5.1.H.264.CZ-GHDC.mkv
44,44,How.I.Met.Your.Mother.S03.1080p.WEB-DL.DD5.1.H.264.CZ-GHDC/How.I.Met.Your.Mother.S03E01.Wait.for.It.1080p.WEB-DL.DD5.1.H.264.CZ-GHDC.mkv
45,45,How.I.Met.Your.Mother.S03.1080p.WEB-DL.DD5.1.H.264.CZ-GHDC/How.I.Met.Your.Mother.S03E02.We're.Not.From.Here.1080p.WEB-DL.DD5.1.H.264.CZ-GHDC.mkv
46,46,How.I.Met.Your.Mother.S03.1080p.WEB-DL.DD5.1.H.264.CZ-GHDC/How.I.Met.Your.Mother.S03E03.The.Third.Wheel.1080p.WEB-DL.DD5.1.H.264.CZ-GHDC.mkv
47,47,How.I.Met.Your.Mother.S03.1080p.WEB-DL.DD5.1.H.264.CZ-GHDC/How.I.Met.Your.Mother.S03E04.Little.Boys.1080p.WEB-DL.DD5.1.H.264.CZ-GHDC.mkv
48,48,How.I.Met.Your.Mother.S03.1080p.WEB-DL.DD5.1.H.264.CZ-GHDC/How.I.Met.Your.Mother.S03E05.How.I.Met.Everyone.Else.1080p.WEB-DL.DD5.1.H.264.CZ-GHDC.mkv
49,49,How.I.Met.Your.Mother.S03.1080p.WEB-DL.DD5.1.H.264.CZ-GHDC/How.I.Met.Your.Mother.S03E06.I'm.Not.That.Guy.1080p.WEB-DL.DD5.1.H.264.CZ-GHDC.mkv
50,50,How.I.Met.Your.Mother.S03.1080p.WEB-DL.DD5.1.H.264.CZ-GHDC/How.I.Met.Your.Mother.S03E07.Dowisetrepla.1080p.WEB-DL.DD5.1.H.264.CZ-GHDC.mkv
51,51,How.I.Met.Your.Mother.S03.1080p.WEB-DL.DD5.1.H.264.CZ-GHDC/How.I.Met.Your.Mother.S03E08.Spoiler.Alert.1080p.WEB-DL.DD5.1.H.264.CZ-GHDC.mkv
52,52,How.I.Met.Your.Mother.S03.1080p.WEB-DL.DD5.1.H.264.CZ-GHDC/How.I.Met.Your.Mother.S03E09.Slapsgiving.1080p.WEB-DL.DD5.1.H.264.CZ-GHDC.mkv
53,53,How.I.Met.Your.Mother.S03.1080p.WEB-DL.DD5.1.H.264.CZ-GHDC/How.I.Met.Your.Mother.S03E10.The.Yips.1080p.WEB-DL.DD5.1.H.264.CZ-GHDC.mkv
54,54,How.I.Met.Your.Mother.S03.1080p.WEB-DL.DD5.1.H.264.CZ-GHDC/How.I.Met.Your.Mother.S03E11.The.Platinum.Rule.1080p.WEB-DL.DD5.1.H.264.CZ-GHDC.mkv
55,55,How.I.Met.Your.Mother.S03.1080p.WEB-DL.DD5.1.H.264.CZ-GHDC/How.I.Met.Your.Mother.S03E12.No.Tomorrow.1080p.WEB-DL.DD5.1.H.264.CZ-GHDC.mkv
56,56,How.I.Met.Your.Mother.S03.1080p.WEB-DL.DD5.1.H.264.CZ-GHDC/How.I.Met.Your.Mother.S03E13.Ten.Sessions.1080p.WEB-DL.DD5.1.H.264.CZ-GHDC.mkv
57,57,How.I.Met.Your.Mother.S03.1080p.WEB-DL.DD5.1.H.264.CZ-GHDC/How.I.Met.Your.Mother.S03E14.The.Bracket.1080p.WEB-DL.DD5.1.H.264.CZ-GHDC.mkv
58,58,How.I.Met.Your.Mother.S03.1080p.WEB-DL.DD5.1.H.264.CZ-GHDC/How.I.Met.Your.Mother.S03E15.The.Chain.of.Screaming.1080p.WEB-DL.DD5.1.H.264.CZ-GHDC.mkv
59,59,How.I.Met.Your.Mother.S03.1080p.WEB-DL.DD5.1.H.264.CZ-GHDC/How.I.Met.Your.Mother.S03E16.Sandcastles.in.the.Sand.1080p.WEB-DL.DD5.1.H.264.CZ-GHDC.mkv
60,60,How.I.Met.Your.Mother.S03.1080p.WEB-DL.DD5.1.H.264.CZ-GHDC/How.I.Met.Your.Mother.S03E17.The.Goat.1080p.WEB-DL.DD5.1.H.264.CZ-GHDC.mkv
61,61,How.I.Met.Your.Mother.S03.1080p.WEB-DL.DD5.1.H.264.CZ-GHDC/How.I.Met.Your.Mother.S03E18.Rebound.Bro.1080p.WEB-DL.DD5.1.H.264.CZ-GHDC.mkv
62,62,How.I.Met.Your.Mother.S03.1080p.WEB-DL.DD5.1.H.264.CZ-GHDC/How.I.Met.Your.Mother.S03E19.Everything.Must.Go.1080p.WEB-DL.DD5.1.H.264.CZ-GHDC.mkv
63,63,How.I.Met.Your.Mother.S03.1080p.WEB-DL.DD5.1.H.264.CZ-GHDC/How.I.Met.Your.Mother.S03E20.Miracles.1080p.WEB-DL.DD5.1.H.264.CZ-GHDC.mkv
64,64,How.I.Met.Your.Mother.S04.1080p.WEB-DL.DD5.1.H.264.CZ-GHDC/How.I.Met.Your.Mother.S04E01.Do.I.Know.You.1080p.WEB-DL.DD5.1.H.264.CZ-GHDC.mkv
65,65,How.I.Met.Your.Mother.S04.1080p.WEB-DL.DD5.1.H.264.CZ-GHDC/How.I.Met.Your.Mother.S04E02.The.Best.Burger.in.New.York.1080p.WEB-DL.DD5.1.H.264.CZ-GHDC.mkv
66,66,How.I.Met.Your.Mother.S04.1080p.WEB-DL.DD5.1.H.264.CZ-GHDC/How.I.Met.Your.Mother.S04E03.I.Heart.NJ.1080p.WEB-DL.DD5.1.H.264.CZ-GHDC.mkv
67,67,How.I.Met.Your.Mother.S04.1080p.WEB-DL.DD5.1.H.264.CZ-GHDC/How.I.Met.Your.Mother.S04E04.Intervention.1080p.WEB-DL.DD5.1.H.264.CZ-GHDC.mkv
68,68,How.I.Met.Your.Mother.S04.1080p.WEB-DL.DD5.1.H.264.CZ-GHDC/How.I.Met.Your.Mother.S04E05.Shelter.Island.1080p.WEB-DL.DD5.1.H.264.CZ-GHDC.mkv
69,69,How.I.Met.Your.Mother.S04.1080p.WEB-DL.DD5.1.H.264.CZ-GHDC/How.I.Met.Your.Mother.S04E06.Happily.Ever.After.1080p.WEB-DL.DD5.1.H.264.CZ-GHDC.mkv
70,70,How.I.Met.Your.Mother.S04.1080p.WEB-DL.DD5.1.H.264.CZ-GHDC/How.I.Met.Your.Mother.S04E07.Not.a.Father's.Day.1080p.WEB-DL.DD5.1.H.264.CZ-GHDC.mkv
71,71,How.I.Met.Your.Mother.S04.1080p.WEB-DL.DD5.1.H.264.CZ-GHDC/How.I.Met.Your.Mother.S04E08.Woooo.1080p.WEB-DL.DD5.1.H.264.CZ-GHDC.mkv
72,72,How.I.Met.Your.Mother.S04.1080p.WEB-DL.DD5.1.H.264.CZ-GHDC/How.I.Met.Your.Mother.S04E09.The.Naked.Man.1080p.WEB-DL.DD5.1.H.264.CZ-GHDC.mkv
73,73,How.I.Met.Your.Mother.S04.1080p.WEB-DL.DD5.1.H.264.CZ-GHDC/How.I.Met.Your.Mother.S04E10.The.Fight.1080p.WEB-DL.DD5.1.H.264.CZ-GHDC.mkv
74,74,How.I.Met.Your.Mother.S04.1080p.WEB-DL.DD5.1.H.264.CZ-GHDC/How.I.Met.Your.Mother.S04E11.Little.Minnesota.1080p.WEB-DL.DD5.1.H.264.CZ-GHDC.mkv
75,75,How.I.Met.Your.Mother.S04.1080p.WEB-DL.DD5.1.H.264.CZ-GHDC/How.I.Met.Your.Mother.S04E12.Benefits.1080p.WEB-DL.DD5.1.H.264.CZ-GHDC.mkv
76,76,How.I.Met.Your.Mother.S04.1080p.WEB-DL.DD5.1.H.264.CZ-GHDC/How.I.Met.Your.Mother.S04E13.Three.Days.of.Snow.1080p.WEB-DL.DD5.1.H.264.CZ-GHDC.mkv
77,77,How.I.Met.Your.Mother.S04.1080p.WEB-DL.DD5.1.H.264.CZ-GHDC/How.I.Met.Your.Mother.S04E14.The.Possimpible.1080p.WEB-DL.DD5.1.H.264.CZ-GHDC.mkv
78,78,How.I.Met.Your.Mother.S04.1080p.WEB-DL.DD5.1.H.264.CZ-GHDC/How.I.Met.Your.Mother.S04E15.The.Stinsons.1080p.WEB-DL.DD5.1.H.264.CZ-GHDC.mkv
79,79,How.I.Met.Your.Mother.S04.1080p.WEB-DL.DD5.1.H.264.CZ-GHDC/How.I.Met.Your.Mother.S04E16.Sorry.Bro.1080p.WEB-DL.DD5.1.H.264.CZ-GHDC.mkv
80,80,How.I.Met.Your.Mother.S04.1080p.WEB-DL.DD5.1.H.264.CZ-GHDC/How.I.Met.Your.Mother.S04E17.The.Front.Porch.1080p.WEB-DL.DD5.1.H.264.CZ-GHDC.mkv
81,81,How.I.Met.Your.Mother.S04.1080p.WEB-DL.DD5.1.H.264.CZ-GHDC/How.I.Met.Your.Mother.S04E18.Old.King.Clancy.1080p.WEB-DL.DD5.1.H.264.CZ-GHDC.mkv
82,82,How.I.Met.Your.Mother.S04.1080p.WEB-DL.DD5.1.H.264.CZ-GHDC/How.I.Met.Your.Mother.S04E19.Murtaugh.1080p.WEB-DL.DD5.1.H.264.CZ-GHDC.mkv
83,83,How.I.Met.Your.Mother.S04.1080p.WEB-DL.DD5.1.H.264.CZ-GHDC/How.I.Met.Your.Mother.S04E20.Mosbius.Designs.1080p.WEB-DL.DD5.1.H.264.CZ-GHDC.mkv
84,84,How.I.Met.Your.Mother.S04.1080p.WEB-DL.DD5.1.H.264.CZ-GHDC/How.I.Met.Your.Mother.S04E21.The.Three.Days.Rule.1080p.WEB-DL.DD5.1.H.264.CZ-GHDC.mkv
85,85,How.I.Met.Your.Mother.S04.1080p.WEB-DL.DD5.1.H.264.CZ-GHDC/How.I.Met.Your.Mother.S04E22.Right.Place.Right.Time.1080p.WEB-DL.DD5.1.H.264.CZ-GHDC.mkv
86,86,How.I.Met.Your.Mother.S04.1080p.WEB-DL.DD5.1.H.264.CZ-GHDC/How.I.Met.Your.Mother.S04E23.As.Fast.as.She.Can.1080p.WEB-DL.DD5.1.H.264.CZ-GHDC.mkv
87,87,How.I.Met.Your.Mother.S04.1080p.WEB-DL.DD5.1.H.264.CZ-GHDC/How.I.Met.Your.Mother.S04E24.The.Leap.1080p.WEB-DL.DD5.1.H.264.CZ-GHDC.mkv
88,88,How.I.Met.Your.Mother.S05.1080p.WEB-DL.DD5.1.H.264.CZ-GHDC/How.I.Met.Your.Mother.S05E01.Definitions.1080p.WEB-DL.DD5.1.H.264.CZ-GHDC.mkv
89,89,How.I.Met.Your.Mother.S05.1080p.WEB-DL.DD5.1.H.264.CZ-GHDC/How.I.Met.Your.Mother.S05E02.Double.Date.1080p.WEB-DL.DD5.1.H.264.CZ-GHDC.mkv
90,90,How.I.Met.Your.Mother.S05.1080p.WEB-DL.DD5.1.H.264.CZ-GHDC/How.I.Met.Your.Mother.S05E03.Robin.101.1080p.WEB-DL.DD5.1.H.264.CZ-GHDC.mkv
91,91,How.I.Met.Your.Mother.S05.1080p.WEB-DL.DD5.1.H.264.CZ-GHDC/How.I.Met.Your.Mother.S05E04.The.Sexless.Innkeeper.1080p.WEB-DL.DD5.1.H.264.CZ-GHDC.mkv
92,92,How.I.Met.Your.Mother.S05.1080p.WEB-DL.DD5.1.H.264.CZ-GHDC/How.I.Met.Your.Mother.S05E05.Duel.Citizenship.1080p.WEB-DL.DD5.1.H.264.CZ-GHDC.mkv
93,93,How.I.Met.Your.Mother.S05.1080p.WEB-DL.DD5.1.H.264.CZ-GHDC/How.I.Met.Your.Mother.S05E06.Bagpipes.1080p.WEB-DL.DD5.1.H.264.CZ-GHDC.mkv
94,94,How.I.Met.Your.Mother.S05.1080p.WEB-DL.DD5.1.H.264.CZ-GHDC/How.I.Met.Your.Mother.S05E07.The.Rough.Patch.1080p.WEB-DL.DD5.1.H.264.CZ-GHDC.mkv
95,95,How.I.Met.Your.Mother.S05.1080p.WEB-DL.DD5.1.H.264.CZ-GHDC/How.I.Met.Your.Mother.S05E08.The.Playbook.1080p.WEB-DL.DD5.1.H.264.CZ-GHDC.mkv
96,96,How.I.Met.Your.Mother.S05.1080p.WEB-DL.DD5.1.H.264.CZ-GHDC/How.I.Met.Your.Mother.S05E09.Slapsgiving.2.Revenge.of.the.Slap.1080p.WEB-DL.DD5.1.H.264.CZ-GHDC.mkv
97,97,How.I.Met.Your.Mother.S05.1080p.WEB-DL.DD5.1.H.264.CZ-GHDC/How.I.Met.Your.Mother.S05E10.The.Window.1080p.WEB-DL.DD5.1.H.264.CZ-GHDC.mkv
98,98,How.I.Met.Your.Mother.S05.1080p.WEB-DL.DD5.1.H.264.CZ-GHDC/How.I.Met.Your.Mother.S05E11.Last.Cigarette.Ever.1080p.WEB-DL.DD5.1.H.264.CZ-GHDC.mkv
99,99,How.I.Met.Your.Mother.S05.1080p.WEB-DL.DD5.1.H.264.CZ-GHDC/How.I.Met.Your.Mother.S05E12.Girls.vs.Suits.1080p.WEB-DL.DD5.1.H.264.CZ-GHDC.mkv
100,100,How.I.Met.Your.Mother.S05.1080p.WEB-DL.DD5.1.H.264.CZ-GHDC/How.I.Met.Your.Mother.S05E13.Jenkins.1080p.WEB-DL.DD5.1.H.264.CZ-GHDC.mkv
101,101,How.I.Met.Your.Mother.S05.1080p.WEB-DL.DD5.1.H.264.CZ-GHDC/How.I.Met.Your.Mother.S05E14.Perfect.Week.1080p.WEB-DL.DD5.1.H.264.CZ-GHDC.mkv
102,102,How.I.Met.Your.Mother.S05.1080p.WEB-DL.DD5.1.H.264.CZ-GHDC/How.I.Met.Your.Mother.S05E15.Rabbit.or.Duck.1080p.WEB-DL.DD5.1.H.264.CZ-GHDC.mkv
103,103,How.I.Met.Your.Mother.S05.1080p.WEB-DL.DD5.1.H.264.CZ-GHDC/How.I.Met.Your.Mother.S05E16.Hooked.1080p.WEB-DL.DD5.1.H.264.CZ-GHDC.mkv
104,104,How.I.Met.Your.Mother.S05.1080p.WEB-DL.DD5.1.H.264.CZ-GHDC/How.I.Met.Your.Mother.S05E17.Of.Course.1080p.WEB-DL.DD5.1.H.264.CZ-GHDC.mkv
105,105,How.I.Met.Your.Mother.S05.1080p.WEB-DL.DD5.1.H.264.CZ-GHDC/How.I.Met.Your.Mother.S05E18.Say.Cheese.1080p.WEB-DL.DD5.1.H.264.CZ-GHDC.mkv
106,106,How.I.Met.Your.Mother.S05.1080p.WEB-DL.DD5.1.H.264.CZ-GHDC/How.I.Met.Your.Mother.S05E19.Zoo.or.False.1080p.WEB-DL.DD5.1.H.264.CZ-GHDC.mkv
107,107,How.I.Met.Your.Mother.S05.1080p.WEB-DL.DD5.1.H.264.CZ-GHDC/How.I.Met.Your.Mother.S05E20.Home.Wreckers.1080p.WEB-DL.DD5.1.H.264.CZ-GHDC.mkv
108,108,How.I.Met.Your.Mother.S05.1080p.WEB-DL.DD5.1.H.264.CZ-GHDC/How.I.Met.Your.Mother.S05E21.Twin.Beds.1080p.WEB-DL.DD5.1.H.264.CZ-GHDC.mkv
109,109,How.I.Met.Your.Mother.S05.1080p.WEB-DL.DD5.1.H.264.CZ-GHDC/How.I.Met.Your.Mother.S05E22.Robots.vs.Wrestlers.1080p.WEB-DL.DD5.1.H.264.CZ-GHDC.mkv
110,110,How.I.Met.Your.Mother.S05.1080p.WEB-DL.DD5.1.H.264.CZ-GHDC/How.I.Met.Your.Mother.S05E23.The.Wedding.Bride.1080p.WEB-DL.DD5.1.H.264.CZ-GHDC.mkv
111,111,How.I.Met.Your.Mother.S05.1080p.WEB-DL.DD5.1.H.264.CZ-GHDC/How.I.Met.Your.Mother.S05E24.Doppelgangers.1080p.WEB-DL.DD5.1.H.264.CZ-GHDC.mkv
112,112,How.I.Met.Your.Mother.S06.1080p.WEB-DL.DD5.1.H.264.CZ-GHDC/How.I.Met.Your.Mother.S06E01.Big.Days.1080p.WEB-DL.DD5.1.H.264.CZ-GHDC.mkv
113,113,How.I.Met.Your.Mother.S06.1080p.WEB-DL.DD5.1.H.264.CZ-GHDC/How.I.Met.Your.Mother.S06E02.Cleaning.House.1080p.WEB-DL.DD5.1.H.264.CZ-GHDC.mkv
114,114,How.I.Met.Your.Mother.S06.1080p.WEB-DL.DD5.1.H.264.CZ-GHDC/How.I.Met.Your.Mother.S06E03.Unfinished.1080p.WEB-DL.DD5.1.H.264.CZ-GHDC.mkv
115,115,How.I.Met.Your.Mother.S06.1080p.WEB-DL.DD5.1.H.264.CZ-GHDC/How.I.Met.Your.Mother.S06E04.Subway.Wars.1080p.WEB-DL.DD5.1.H.264.CZ-GHDC.mkv
116,116,How.I.Met.Your.Mother.S06.1080p.WEB-DL.DD5.1.H.264.CZ-GHDC/How.I.Met.Your.Mother.S06E05.Architect.of.Destruction.1080p.WEB-DL.DD5.1.H.264.CZ-GHDC.mkv
117,117,How.I.Met.Your.Mother.S06.1080p.WEB-DL.DD5.1.H.264.CZ-GHDC/How.I.Met.Your.Mother.S06E06.Baby.Talk.1080p.WEB-DL.DD5.1.H.mkv
118,118,How.I.Met.Your.Mother.S06.1080p.WEB-DL.DD5.1.H.264.CZ-GHDC/How.I.Met.Your.Mother.S06E07.Canning.Randy.1080p.WEB-DL.DD5.1.H.264.CZ-GHDC.mkv
119,119,How.I.Met.Your.Mother.S06.1080p.WEB-DL.DD5.1.H.264.CZ-GHDC/How.I.Met.Your.Mother.S06E08.Natural.History.1080p.WEB-DL.DD5.1.H.264.CZ-GHDC.mkv
120,120,How.I.Met.Your.Mother.S06.1080p.WEB-DL.DD5.1.H.264.CZ-GHDC/How.I.Met.Your.Mother.S06E09.Glitter.1080p.WEB-DL.DD5.1.H.264.CZ-GHDC.mkv
121,121,How.I.Met.Your.Mother.S06.1080p.WEB-DL.DD5.1.H.264.CZ-GHDC/How.I.Met.Your.Mother.S06E10.Blitzgiving.1080p.WEB-DL.DD5.1.H.264.CZ-GHDC.mkv
122,122,How.I.Met.Your.Mother.S06.1080p.WEB-DL.DD5.1.H.264.CZ-GHDC/How.I.Met.Your.Mother.S06E11.The.Mermaid.Theory.1080p.WEB-DL.DD5.1.H.264.CZ-GHDC.mkv
123,123,How.I.Met.Your.Mother.S06.1080p.WEB-DL.DD5.1.H.264.CZ-GHDC/How.I.Met.Your.Mother.S06E12.False.Positive.1080p.WEB-DL.DD5.1.H.264.CZ-GHDC.mkv
124,124,How.I.Met.Your.Mother.S06.1080p.WEB-DL.DD5.1.H.264.CZ-GHDC/How.I.Met.Your.Mother.S06E13.Bad.News.1080p.WEB-DL.DD5.1.H.264.CZ-GHDC.mkv
125,125,How.I.Met.Your.Mother.S06.1080p.WEB-DL.DD5.1.H.264.CZ-GHDC/How.I.Met.Your.Mother.S06E14.Last.Words.1080p.WEB-DL.DD5.1.H.264.CZ-GHDC.mkv
126,126,How.I.Met.Your.Mother.S06.1080p.WEB-DL.DD5.1.H.264.CZ-GHDC/How.I.Met.Your.Mother.S06E15.Oh.Honey.1080p.WEB-DL.DD5.1.H.264.CZ-GHDC.mkv
127,127,How.I.Met.Your.Mother.S06.1080p.WEB-DL.DD5.1.H.264.CZ-GHDC/How.I.Met.Your.Mother.S06E16.Desperation.Day.1080p.WEB-DL.DD5.1.H.264.CZ-GHDC.mkv
128,128,How.I.Met.Your.Mother.S06.1080p.WEB-DL.DD5.1.H.264.CZ-GHDC/How.I.Met.Your.Mother.S06E17.Garbage.Island.1080p.WEB-DL.DD5.1.H.264.CZ-GHDC.mkv
129,129,How.I.Met.Your.Mother.S06.1080p.WEB-DL.DD5.1.H.264.CZ-GHDC/How.I.Met.Your.Mother.S06E18.A.Change.of.Heart.1080p.WEB-DL.DD5.1.H.264.CZ-GHDC.mkv
130,130,How.I.Met.Your.Mother.S06.1080p.WEB-DL.DD5.1.H.264.CZ-GHDC/How.I.Met.Your.Mother.S06E19.Legendaddy.1080p.WEB-DL.DD5.1.H.264.CZ-GHDC.mkv
131,131,How.I.Met.Your.Mother.S06.1080p.WEB-DL.DD5.1.H.264.CZ-GHDC/How.I.Met.Your.Mother.S06E20.The.Exploding.Meatball.Sub.1080p.WEB-DL.DD5.1.H.264.CZ-GHDC.mkv
132,132,How.I.Met.Your.Mother.S06.1080p.WEB-DL.DD5.1.H.264.CZ-GHDC/How.I.Met.Your.Mother.S06E21.Hopeless.1080p.WEB-DL.DD5.1.H.264.CZ-GHDC.mkv
133,133,How.I.Met.Your.Mother.S06.1080p.WEB-DL.DD5.1.H.264.CZ-GHDC/How.I.Met.Your.Mother.S06E22.The.Perfect.Cocktail.1080p.WEB-DL.DD5.1.H.264.CZ-GHDC.mkv
134,134,How.I.Met.Your.Mother.S06.1080p.WEB-DL.DD5.1.H.264.CZ-GHDC/How.I.Met.Your.Mother.S06E23.Landmarks.1080p.WEB-DL.DD5.1.H.264.CZ-GHDC.mkv
135,135,How.I.Met.Your.Mother.S06.1080p.WEB-DL.DD5.1.H.264.CZ-GHDC/How.I.Met.Your.Mother.S06E24.Challenge.Accepted.1080p.WEB-DL.DD5.1.H.264.CZ-GHDC.mkv
136,136,How.I.Met.Your.Mother.S07.1080p.WEB-DL.DD5.1.H.264.CZ-GHDC/How.I.Met.Your.Mother.S07E01.The.Best.Man.1080p.WEB-DL.DD5.1.H.264.CZ-GHDC.mkv
137,137,How.I.Met.Your.Mother.S07.1080p.WEB-DL.DD5.1.H.264.CZ-GHDC/How.I.Met.Your.Mother.S07E02.The.Naked.Truth.1080p.WEB-DL.DD5.1.H.264.CZ-GHDC.mkv
138,138,How.I.Met.Your.Mother.S07.1080p.WEB-DL.DD5.1.H.264.CZ-GHDC/How.I.Met.Your.Mother.S07E03.Ducky.Tie.1080p.WEB-DL.DD5.1.H.264.CZ-GHDC.mkv
139,139,How.I.Met.Your.Mother.S07.1080p.WEB-DL.DD5.1.H.264.CZ-GHDC/How.I.Met.Your.Mother.S07E04.The.Stinson.Missile.Crisis.1080p.WEB-DL.DD5.1.H.264.CZ-GHDC.mkv
140,140,How.I.Met.Your.Mother.S07.1080p.WEB-DL.DD5.1.H.264.CZ-GHDC/How.I.Met.Your.Mother.S07E05.Field.Trip.1080p.WEB-DL.DD5.1.H.264.CZ-GHDC.mkv
141,141,How.I.Met.Your.Mother.S07.1080p.WEB-DL.DD5.1.H.264.CZ-GHDC/How.I.Met.Your.Mother.S07E06.Mystery.vs.History.1080p.WEB-DL.DD5.1.H.264.CZ-GHDC.mkv
142,142,How.I.Met.Your.Mother.S07.1080p.WEB-DL.DD5.1.H.264.CZ-GHDC/How.I.Met.Your.Mother.S07E07.Noretta.1080p.WEB-DL.DD5.1.H.264.CZ-GHDC.mkv
143,143,How.I.Met.Your.Mother.S07.1080p.WEB-DL.DD5.1.H.264.CZ-GHDC/How.I.Met.Your.Mother.S07E08.The.Slutty.Pumpkin.Returns.1080p.WEB-DL.DD5.1.H.264.CZ-GHDC.mkv
144,144,How.I.Met.Your.Mother.S07.1080p.WEB-DL.DD5.1.H.264.CZ-GHDC/How.I.Met.Your.Mother.S07E09.Disaster.Averted.1080p.WEB-DL.DD5.1.H.264.CZ-GHDC.mkv
145,145,How.I.Met.Your.Mother.S07.1080p.WEB-DL.DD5.1.H.264.CZ-GHDC/How.I.Met.Your.Mother.S07E10.Tick.Tick.Tick.1080p.WEB-DL.DD5.1.H.264.CZ-GHDC.mkv
146,146,How.I.Met.Your.Mother.S07.1080p.WEB-DL.DD5.1.H.264.CZ-GHDC/How.I.Met.Your.Mother.S07E11.The.Rebound.Girl.1080p.WEB-DL.DD5.1.H.264.CZ-GHDC.mkv
147,147,How.I.Met.Your.Mother.S07.1080p.WEB-DL.DD5.1.H.264.CZ-GHDC/How.I.Met.Your.Mother.S07E12.Symphony.of.Illumination.1080p.WEB-DL.DD5.1.H.264.CZ-GHDC.mkv
148,148,How.I.Met.Your.Mother.S07.1080p.WEB-DL.DD5.1.H.264.CZ-GHDC/How.I.Met.Your.Mother.S07E13.Tailgate.1080p.WEB-DL.DD5.1.H.264.CZ-GHDC.mkv
149,149,How.I.Met.Your.Mother.S07.1080p.WEB-DL.DD5.1.H.264.CZ-GHDC/How.I.Met.Your.Mother.S07E14.46.Minutes.1080p.WEB-DL.DD5.1.H.264.CZ-GHDC.mkv
150,150,How.I.Met.Your.Mother.S07.1080p.WEB-DL.DD5.1.H.264.CZ-GHDC/How.I.Met.Your.Mother.S07E15.The.Burning.Beekeeper.1080p.WEB-DL.DD5.1.H.264.CZ-GHDC.mkv
151,151,How.I.Met.Your.Mother.S07.1080p.WEB-DL.DD5.1.H.264.CZ-GHDC/How.I.Met.Your.Mother.S07E16.The.Drunk.Train.1080p.WEB-DL.DD5.1.H.264.CZ-GHDC.mkv
152,152,How.I.Met.Your.Mother.S07.1080p.WEB-DL.DD5.1.H.264.CZ-GHDC/How.I.Met.Your.Mother.S07E17.No.Pressure.1080p.WEB-DL.DD5.1.H.264.CZ-GHDC.mkv
153,153,How.I.Met.Your.Mother.S07.1080p.WEB-DL.DD5.1.H.264.CZ-GHDC/How.I.Met.Your.Mother.S07E18.Karma.1080p.WEB-DL.DD5.1.H.264.CZ-GHDC.mkv
154,154,How.I.Met.Your.Mother.S07.1080p.WEB-DL.DD5.1.H.264.CZ-GHDC/How.I.Met.Your.Mother.S07E19.The.Broath.1080p.WEB-DL.DD5.1.H.264.CZ-GHDC.mkv
155,155,How.I.Met.Your.Mother.S07.1080p.WEB-DL.DD5.1.H.264.CZ-GHDC/How.I.Met.Your.Mother.S07E20.Trilogy.Time.1080p.WEB-DL.DD5.1.H.264.CZ-GHDC.mkv
156,156,How.I.Met.Your.Mother.S07.1080p.WEB-DL.DD5.1.H.264.CZ-GHDC/How.I.Met.Your.Mother.S07E21.Now.We're.Even.1080p.WEB-DL.DD5.1.H.264.CZ-GHDC.mkv
157,157,How.I.Met.Your.Mother.S07.1080p.WEB-DL.DD5.1.H.264.CZ-GHDC/How.I.Met.Your.Mother.S07E22.Good.Crazy.1080p.WEB-DL.DD5.1.H.264.CZ-GHDC.mkv
158,158,How.I.Met.Your.Mother.S07.1080p.WEB-DL.DD5.1.H.264.CZ-GHDC/How.I.Met.Your.Mother.S07E23.The.Magician's.Code.Part.1.1080p.WEB-DL.DD5.1.H.264.CZ-GHDC.mkv
159,159,How.I.Met.Your.Mother.S07.1080p.WEB-DL.DD5.1.H.264.CZ-GHDC/How.I.Met.Your.Mother.S07E24.The.Magician's.Code.Part.2.1080p.WEB-DL.DD5.1.H.264.CZ-GHDC.mkv
160,160,How.I.Met.Your.Mother.S08.1080p.WEB-DL.DD5.1.H.264.CZ-GHDC/How.I.Met.Your.Mother.S08E01.Farhampton.1080p.WEB-DL.DD5.1.H.264.CZ-GHDC.mkv
161,161,How.I.Met.Your.Mother.S08.1080p.WEB-DL.DD5.1.H.264.CZ-GHDC/How.I.Met.Your.Mother.S08E02.The.Pre-Nup.1080p.WEB-DL.DD5.1.H.264.CZ-GHDC.mkv
162,162,How.I.Met.Your.Mother.S08.1080p.WEB-DL.DD5.1.H.264.CZ-GHDC/How.I.Met.Your.Mother.S08E03.Nannies.1080p.WEB-DL.DD5.1.H.264.CZ-GHDC.mkv
163,163,How.I.Met.Your.Mother.S08.1080p.WEB-DL.DD5.1.H.264.CZ-GHDC/How.I.Met.Your.Mother.S08E04.Who.Wants.to.be.a.Godparent.1080p.WEB-DL.DD5.1.H.264.CZ-GHDC.mkv
164,164,How.I.Met.Your.Mother.S08.1080p.WEB-DL.DD5.1.H.264.CZ-GHDC/How.I.Met.Your.Mother.S08E05.The.Autumn.of.Breakups.1080p.WEB-DL.DD5.1.H.264.CZ-GHDC.mkv
165,165,How.I.Met.Your.Mother.S08.1080p.WEB-DL.DD5.1.H.264.CZ-GHDC/How.I.Met.Your.Mother.S08E06.Splitsville.1080p.WEB-DL.DD5.1.H.264.CZ-GHDC.mkv
166,166,How.I.Met.Your.Mother.S08.1080p.WEB-DL.DD5.1.H.264.CZ-GHDC/How.I.Met.Your.Mother.S08E07.The.Stamp.Tramp.1080p.WEB-DL.DD5.1.H.264.CZ-GHDC.mkv
167,167,How.I.Met.Your.Mother.S08.1080p.WEB-DL.DD5.1.H.264.CZ-GHDC/How.I.Met.Your.Mother.S08E08.Twelve.Horny.Women.1080p.WEB-DL.DD5.1.H.264.CZ-GHDC.mkv
168,168,How.I.Met.Your.Mother.S08.1080p.WEB-DL.DD5.1.H.264.CZ-GHDC/How.I.Met.Your.Mother.S08E09.Lobster.Crawl.1080p.WEB-DL.DD5.1.H.264.CZ-GHDC.mkv
169,169,How.I.Met.Your.Mother.S08.1080p.WEB-DL.DD5.1.H.264.CZ-GHDC/How.I.Met.Your.Mother.S08E10.The.Over-Correction.1080p.WEB-DL.DD5.1.H.264.CZ-GHDC.mkv
170,170,How.I.Met.Your.Mother.S08.1080p.WEB-DL.DD5.1.H.264.CZ-GHDC/How.I.Met.Your.Mother.S08E11.The.Final.Page.Part.One.1080p.WEB-DL.DD5.1.H.264.CZ-GHDC.mkv
171,171,How.I.Met.Your.Mother.S08.1080p.WEB-DL.DD5.1.H.264.CZ-GHDC/How.I.Met.Your.Mother.S08E12.The.Final.Page.Part.Two.1080p.WEB-DL.DD5.1.H.264.CZ-GHDC.mkv
172,172,How.I.Met.Your.Mother.S08.1080p.WEB-DL.DD5.1.H.264.CZ-GHDC/How.I.Met.Your.Mother.S08E13.Band.or.DJ.1080p.WEB-DL.DD5.1.H.264.CZ-GHDC.mkv
173,173,How.I.Met.Your.Mother.S08.1080p.WEB-DL.DD5.1.H.264.CZ-GHDC/How.I.Met.Your.Mother.S08E14.Ring.it.Up.1080p.WEB-DL.DD5.1.H.264.CZ-GHDC.mkv
174,174,How.I.Met.Your.Mother.S08.1080p.WEB-DL.DD5.1.H.264.CZ-GHDC/How.I.Met.Your.Mother.S08E15.P.S..I.Love.You.1080p.WEB-DL.DD5.1.H.264.CZ-GHDC.mkv
175,175,How.I.Met.Your.Mother.S08.1080p.WEB-DL.DD5.1.H.264.CZ-GHDC/How.I.Met.Your.Mother.S08E16.Bad.Crazy.1080p.WEB-DL.DD5.1.H.264.CZ-GHDC.mkv
176,176,How.I.Met.Your.Mother.S08.1080p.WEB-DL.DD5.1.H.264.CZ-GHDC/How.I.Met.Your.Mother.S08E17.The.Ashtray.1080p.WEB-DL.DD5.1.H.264.CZ-GHDC.mkv
177,177,How.I.Met.Your.Mother.S08.1080p.WEB-DL.DD5.1.H.264.CZ-GHDC/How.I.Met.Your.Mother.S08E18.Weekend.at.Barney's.1080p.WEB-DL.DD5.1.H.264.CZ-GHDC.mkv
178,178,How.I.Met.Your.Mother.S08.1080p.WEB-DL.DD5.1.H.264.CZ-GHDC/How.I.Met.Your.Mother.S08E19.The.Fortress.1080p.WEB-DL.DD5.1.H.264.CZ-GHDC.mkv
179,179,How.I.Met.Your.Mother.S08.1080p.WEB-DL.DD5.1.H.264.CZ-GHDC/How.I.Met.Your.Mother.S08E20.The.Time.Travelers.1080p.WEB-DL.DD5.1.H.264.CZ-GHDC.mkv
180,180,How.I.Met.Your.Mother.S08.1080p.WEB-DL.DD5.1.H.264.CZ-GHDC/How.I.Met.Your.Mother.S08E21.Romeward.Bound.1080p.WEB-DL.DD5.1.H.264.CZ-GHDC.mkv
181,181,How.I.Met.Your.Mother.S08.1080p.WEB-DL.DD5.1.H.264.CZ-GHDC/How.I.Met.Your.Mother.S08E22.The.Bro.Mitzvah.1080p.WEB-DL.DD5.1.H.264.CZ-GHDC.mkv
182,182,How.I.Met.Your.Mother.S08.1080p.WEB-DL.DD5.1.H.264.CZ-GHDC/How.I.Met.Your.Mother.S08E23.Something.Old.1080p.WEB-DL.DD5.1.H.264.CZ-GHDC.mkv
183,183,How.I.Met.Your.Mother.S08.1080p.WEB-DL.DD5.1.H.264.CZ-GHDC/How.I.Met.Your.Mother.S08E24.Something.New.1080p.WEB-DL.DD5.1.H.264.CZ-GHDC.mkv
184,184,How.I.Met.Your.Mother.S09.1080p.WEB-DL.DD5.1.H.264.CZ-GHDC/How.I.Met.Your.Mother.S09E01.The.Locket.1080p.WEB-DL.DD5.1.H.264.CZ-GHDC.mkv
185,185,How.I.Met.Your.Mother.S09.1080p.WEB-DL.DD5.1.H.264.CZ-GHDC/How.I.Met.Your.Mother.S09E02.Coming.Back.1080p.WEB-DL.DD5.1.H.264.CZ-GHDC.mkv
186,186,How.I.Met.Your.Mother.S09.1080p.WEB-DL.DD5.1.H.264.CZ-GHDC/How.I.Met.Your.Mother.S09E03.Last.Time.in.New.York.1080p.WEB-DL.DD5.1.H.264.CZ-GHDC.mkv
187,187,How.I.Met.Your.Mother.S09.1080p.WEB-DL.DD5.1.H.264.CZ-GHDC/How.I.Met.Your.Mother.S09E04.The.Broken.Code.1080p.WEB-DL.DD5.1.H.264.CZ-GHDC.mkv
188,188,How.I.Met.Your.Mother.S09.1080p.WEB-DL.DD5.1.H.264.CZ-GHDC/How.I.Met.Your.Mother.S09E05.The.Poker.Game.1080p.WEB-DL.DD5.1.H.264.CZ-GHDC.mkv
189,189,How.I.Met.Your.Mother.S09.1080p.WEB-DL.DD5.1.H.264.CZ-GHDC/How.I.Met.Your.Mother.S09E06.Knight.Vision.1080p.WEB-DL.DD5.1.H.264.CZ-GHDC.mkv
190,190,How.I.Met.Your.Mother.S09.1080p.WEB-DL.DD5.1.H.264.CZ-GHDC/How.I.Met.Your.Mother.S09E07.No.Questions.Asked.1080p.WEB-DL.DD5.1.H.264.CZ-GHDC.mkv
191,191,How.I.Met.Your.Mother.S09.1080p.WEB-DL.DD5.1.H.264.CZ-GHDC/How.I.Met.Your.Mother.S09E08.The.Lighthouse.1080p.WEB-DL.DD5.1.H.264.CZ-GHDC.mkv
192,192,How.I.Met.Your.Mother.S09.1080p.WEB-DL.DD5.1.H.264.CZ-GHDC/How.I.Met.Your.Mother.S09E09.Platonish.1080p.WEB-DL.DD5.1.H.264.CZ-GHDC.mkv
193,193,How.I.Met.Your.Mother.S09.1080p.WEB-DL.DD5.1.H.264.CZ-GHDC/How.I.Met.Your.Mother.S09E10.Mom.and.Dad.1080p.WEB-DL.DD5.1.H.264.CZ-GHDC.mkv
194,194,How.I.Met.Your.Mother.S09.1080p.WEB-DL.DD5.1.H.264.CZ-GHDC/How.I.Met.Your.Mother.S09E11.Bedtime.Stories.1080p.WEB-DL.DD5.1.H.264.CZ-GHDC.mkv
195,195,How.I.Met.Your.Mother.S09.1080p.WEB-DL.DD5.1.H.264.CZ-GHDC/How.I.Met.Your.Mother.S09E12.The.Rehearsal.Dinner.1080p.WEB-DL.DD5.1.H.264.CZ-GHDC.mkv
196,196,How.I.Met.Your.Mother.S09.1080p.WEB-DL.DD5.1.H.264.CZ-GHDC/How.I.Met.Your.Mother.S09E13.Bass.Player.Wanted.1080p.WEB-DL.DD5.1.H.264.CZ-GHDC.mkv
197,197,How.I.Met.Your.Mother.S09.1080p.WEB-DL.DD5.1.H.264.CZ-GHDC/How.I.Met.Your.Mother.S09E14.Slapsgiving.3.Slappointment.in.Slapmarra.1080p.WEB-DL.DD5.1.H.264.CZ-GHDC.mkv
198,198,How.I.Met.Your.Mother.S09.1080p.WEB-DL.DD5.1.H.264.CZ-GHDC/How.I.Met.Your.Mother.S09E15.Unpause.1080p.WEB-DL.DD5.1.H.264.CZ-GHDC.mkv
199,199,How.I.Met.Your.Mother.S09.1080p.WEB-DL.DD5.1.H.264.CZ-GHDC/How.I.Met.Your.Mother.S09E16.How.Your.Mother.Met.Me.1080p.WEB-DL.DD5.1.H.264.CZ-GHDC.mkv
200,200,How.I.Met.Your.Mother.S09.1080p.WEB-DL.DD5.1.H.264.CZ-GHDC/How.I.Met.Your.Mother.S09E17.Sunrise.1080p.WEB-DL.DD5.1.H.264.CZ-GHDC.mkv
201,201,How.I.Met.Your.Mother.S09.1080p.WEB-DL.DD5.1.H.264.CZ-GHDC/How.I.Met.Your.Mother.S09E18.Rally.1080p.WEB-DL.DD5.1.H.264.CZ-GHDC.mkv
202,202,How.I.Met.Your.Mother.S09.1080p.WEB-DL.DD5.1.H.264.CZ-GHDC/How.I.Met.Your.Mother.S09E19.Vesuvius.1080p.WEB-DL.DD5.1.H.264.CZ-GHDC.mkv
203,203,How.I.Met.Your.Mother.S09.1080p.WEB-DL.DD5.1.H.264.CZ-GHDC/How.I.Met.Your.Mother.S09E20.Daisy.1080p.WEB-DL.DD5.1.H.264.CZ-GHDC.mkv
204,204,How.I.Met.Your.Mother.S09.1080p.WEB-DL.DD5.1.H.264.CZ-GHDC/How.I.Met.Your.Mother.S09E21.Gary.Blauman.1080p.WEB-DL.DD5.1.H.264.CZ-GHDC.mkv
205,205,How.I.Met.Your.Mother.S09.1080p.WEB-DL.DD5.1.H.264.CZ-GHDC/How.I.Met.Your.Mother.S09E22.The.End.of.the.Aisle.1080p.WEB-DL.DD5.1.H.264.CZ-GHDC.mkv
206,206,How.I.Met.Your.Mother.S09.1080p.WEB-DL.DD5.1.H.264.CZ-GHDC/How.I.Met.Your.Mother.S09E23.Last.Forever.Part.One.1080p.WEB-DL.DD5.1.H.264.CZ-GHDC.mkv
207,207,How.I.Met.Your.Mother.S09.1080p.WEB-DL.DD5.1.H.264.CZ-GHDC/How.I.Met.Your.Mother.S09E24.Last.Forever.Part.Two.1080p.WEB-DL.DD5.1.H.264.CZ-GHDC.mkv
