{
  "S01E01": {
    "title": "Pilot",
    "plot": "V roce 2029 Ted vypráví svým dětem příběh o tom, jak poznal jejich matku. Příběh začíná zasnoubením Marshalla s Lily v roce 2005.",
    "thumb": "https://image.tmdb.org/t/p/w500/nHDFszcCUY4xUd6wVxcVYU2IGbx.jpg"
  },
  "S01E02": {
    "title": "Fialová žirafa",
    "plot": "Ted uspořádá párty, aby mohl Robin znovu vidět, ale když nepřijde, uspořádá další párty… a další. Lilyina zvýšená chuť na sex brání Marshallovi v práci.",
    "thumb": "https://image.tmdb.org/t/p/w500/6gjpMIPsyypEFbVuKM1ExIosnu.jpg"
  },
  "S01E03": {
    "title": "Sladká chuť svobody",
    "plot": "Barneyho plán balit holky na letišti ztroskotá, když ho s Tedem zadrží letištní ochranka, a Lily žárlí, když během dámské jízdy věnují všichni muži pozornost Robin.",
    "thumb": "https://image.tmdb.org/t/p/w500/OAtOv5E01beO1ad8AL9v72LTba.jpg"
  },
  "S01E04": {
    "title": "Košile se vrací",
    "plot": "Ted se znovu sblíží se starou láskou a přemýšlí, jestli je nyní na vztah s ní připravený. Dívka si vzpomene, jak se s ní rozešel na její narozeniny, a není ráda, že se jí znovu ozval. Barney platí Robin, aby ve vysílání říkala sprosťárny.",
    "thumb": "https://image.tmdb.org/t/p/w500/eyPUOl9gwzFJfYlC3uPtP7Dbo4E.jpg"
  },
  "S01E05": {
    "title": "Boží klub",
    "plot": "Robin, Ted a Barney jdou do úžasného nového klubu a Marshall s Lily, kteří jsou zasnoubení, dají přednost dospělejšímu, i když nudnějšímu, večeru s ochutnávkou vína.",
    "thumb": "https://image.tmdb.org/t/p/w500/uvH1r4s6rW8RBdkfmEqo9cU3ssJ.jpg"
  },
  "S01E06": {
    "title": "Nemravná dýně",
    "plot": "Ted se každoročně vydává na stejnou trapnou halloweenskou párty, aby se znovu setkal s dívkou, se kterou se tam kdysi seznámil, a Robin jde na dvojité rande s Marshallem a Lily.",
    "thumb": "https://image.tmdb.org/t/p/w500/bJrxhDeY3CpGVau68uDaED7vFOx.jpg"
  },
  "S01E07": {
    "title": "Dohazovačka",
    "plot": "Když se Ted zaregistruje u seznamovací služby, zjistí, že láska není věda. Marshall a Lily čelí děsivému stvoření, které žije v jejich bytě.",
    "thumb": "https://image.tmdb.org/t/p/w500/5BCahW1OWEXbi4lViRPf2qgOjc1.jpg"
  },
  "S01E08": {
    "title": "Souboj",
    "plot": "Lily se oficiálně nastěhuje k Marhallovi s Tedem a když má Ted pocit, že ho z bytu vystrkují, rozhodnou se to s Marshallem vyřešit jako chlapi.",
    "thumb": "https://image.tmdb.org/t/p/w500/uEwFWH8fIjkF9Gz6Cxj9Jlab7W5.jpg"
  },
  "S01E09": {
    "title": "Břicho plné krocana",
    "plot": "Díkůvzdání s Marshallovou rodinou je pro Lily obzvlášť stresující, protože si myslí, že je těhotná. V New Yorku Robin, Barney a Ted během svátků dobrovolničí v útulku pro bezdomovce.",
    "thumb": "https://image.tmdb.org/t/p/w500/h13vEcwQSE7FAY7O5UvYazDnqOb.jpg"
  },
  "S01E10": {
    "title": "Ananasový incident",
    "plot": "Když Barney vyhecuje Teda, aby přestal tolik přemýšlet a začal radši konat, Ted ho poslechne a opije se. Robin jde na rande s boháčem a opilý Ted jí neustále volá. Ráno najde Ted ve své posteli ženu a neví, kdo to je.",
    "thumb": "https://image.tmdb.org/t/p/w500/6CpcIxO4BoaGOUkK9QhzXT8WPUy.jpg"
  },
  "S01E11": {
    "title": "Limuzína",
    "plot": "Ted pronajme limuzínu a naplánuje partě detailní plán silvestrovské oslavy. Pozve na rande kolegyni, ale místo toho ho to stále táhne k Robin. Robin, následně Lily a pak i Marshall se od skupiny oddělí.",
    "thumb": "https://image.tmdb.org/t/p/w500/8lG0D07iMdQEDbtnTYB5xAou0kg.jpg"
  },
  "S01E12": {
    "title": "Svatba",
    "plot": "Tedovy romantické naděje se zhroutí, když pozve Robin na luxusní svatbu, ale zjistí, že mu budoucí nevěsta nedovolí přivést si doprovod.",
    "thumb": "https://image.tmdb.org/t/p/w500/79sMrET58FqXJpC1tdBo88hNag3.jpg"
  },
  "S01E13": {
    "title": "Virbl, prosím",
    "plot": "Robin je citově rozpolcená, když se Ted na svatbě seznámí se zajímavou ženou, Victorií. Následně však neví, jak ji kontaktovat.",
    "thumb": "https://image.tmdb.org/t/p/w500/b9ExrGISGlLwYWL1DkNga1FUFFc.jpg"
  },
  "S01E14": {
    "title": "Tenkrát poprvé",
    "plot": "Když se u Teda a Victorie schyluje k sexu, Lily s Marshallem se schovávají v koupelně. Robin pomáhá Barneymu lovit ženy.",
    "thumb": "https://image.tmdb.org/t/p/w500/2DcomYmt4bBClp3gT7cDerX2lwJ.jpg"
  },
  "S01E15": {
    "title": "Večer plný her",
    "plot": "Victoria se přidá k partě na Marshallův herní večer a hráči vzpomínají na své nejtrapnější historky.",
    "thumb": "https://image.tmdb.org/t/p/w500/1I85SYnQHISH3Uxy3lp8hFG0g2n.jpg"
  },
  "S01E16": {
    "title": "Dortík",
    "plot": "Victoria získá stipendium na kulinářském institutu v Německu právě ve chvíli, kdy její vztah s Tedem začíná vzkvétat. Měla by odjet, nebo zůstat?",
    "thumb": "https://image.tmdb.org/t/p/w500/iTtbYrudVOGshLNO6GTfNYsQRec.jpg"
  },
  "S01E17": {
    "title": "Život mezi gorilami",
    "plot": "Během Victoriina pobytu v Německu se Ted potýká s nástrahami vztahu na dálku. Marshall přijme práci v Barneyho firmě, ale má problém zapadnout.",
    "thumb": "https://image.tmdb.org/t/p/w500/9OPu42mgc0fGPM5QQySPb3Fom36.jpg"
  },
  "S01E18": {
    "title": "Po druhé ráno se nic dobrého nestane",
    "plot": "Ted má hlavu plnou Victorie a proto má smíšené pocity, když ho Robin pozve na noční schůzku.",
    "thumb": "https://image.tmdb.org/t/p/w500/evrvAMmK2oJqmD37MfdcYUf4WrH.jpg"
  },
  "S01E19": {
    "title": "Koncipientka Mary",
    "plot": "Ted potřebuje doprovod na Robinino předávání ocenění, tak ho Barney dá dohromady s Mary, která nejspíš dělá eskort.",
    "thumb": "https://image.tmdb.org/t/p/w500/nzdihyfXXWU8APqeddRtAXbG5kC.jpg"
  },
  "S01E20": {
    "title": "Maturiťák",
    "plot": "Lily, Barney a Robin jdou na maturitní ples, aby si poslechli kapelu, kterou chtějí Lily s Marshallem na svou svatební hostinu.",
    "thumb": "https://image.tmdb.org/t/p/w500/6Zybqz65JvjAK8IEVzHkv3TAXkD.jpg"
  },
  "S01E21": {
    "title": "Mlíko",
    "plot": "Když se Lily cestou na tajnou schůzku porouchá auto, Ted odloží důležité rande, aby ji zachránil.",
    "thumb": "https://image.tmdb.org/t/p/w500/gguejRCNMbahAKXtKaQc9m03zPg.jpg"
  },
  "S01E22": {
    "title": "No tak!",
    "plot": "Ted doufá, že se s Robin sblíží, a proto se jí snaží zabránit, aby odjela na víkend. Marshall je naštvaný, když se dozví o Lilyině pohovoru.",
    "thumb": "https://image.tmdb.org/t/p/w500/axbiGYH7h1zGyfEHDH1BsXE4PH2.jpg"
  },
  "S02E01": {
    "title": "Kde jsme to byli?",
    "plot": "Čerstvě nezadaná Lily odjíždí do San Francisca, aby se zapsala do uměleckého programu, a nechává Teda, Barneyho a Robin, aby se vypořádali s následky jejího rozchodu s Marshallem.",
    "thumb": "https://image.tmdb.org/t/p/w500/d7ijY0wjlE9X86RFGBQnVA6B5lZ.jpg"
  },
  "S02E02": {
    "title": "Škorpion a žába",
    "plot": "Zatímco si Marshall zvyká na nezadaný život, Lily se po úžasném létě v San Franciscu vrací do města. Ale proč se vrátila doopravdy?",
    "thumb": "https://image.tmdb.org/t/p/w500/ypQ1OS5oBewDQCWuYGTFqRFRtx.jpg"
  },
  "S02E03": {
    "title": "Večeře",
    "plot": "Robin se obává setkání s Tedovými rodiči, kteří skrývají velké tajemství. Mezitím Lily a Marshall bojují s nejistým novým stavem svého vztahu.",
    "thumb": "https://image.tmdb.org/t/p/w500/fzSNoxIoFvp2AJ3u6L2souajpju.jpg"
  },
  "S02E04": {
    "title": "Ted Mosby, architekt",
    "plot": "Po první velké hádce se Ted vydává do města s novou skvělou balicí hláškou a žárlivou Robin v patách.",
    "thumb": "https://image.tmdb.org/t/p/w500/pubEDOSMMmonxUDJmJJkC6CtjJB.jpg"
  },
  "S02E05": {
    "title": "Pár všech párů",
    "plot": "Lily se nastěhuje k Barneymu, aby unikla z bytu zamořeného krysami, a Marshall si užívá párových aktivit se svým kamarádem z práv.",
    "thumb": "https://image.tmdb.org/t/p/w500/tSGzkCWNtr8oOReujqnjK5FplxD.jpg"
  },
  "S02E06": {
    "title": "Spravedlnost má jméno Lily",
    "plot": "Barney svede Marshallovu profesorku práv a doufá, že ji tak přiměje ke shovívavějšímu známkování. Lily začne pracovat v Tedově kanceláři.",
    "thumb": "https://image.tmdb.org/t/p/w500/1ozQarSg3fz0lXoOVw3i30bGYZm.jpg"
  },
  "S02E07": {
    "title": "Bláznivé oči",
    "plot": "Ted a Barney se snaží přesvědčit Marshalla, že jeho nová přítelkyně je šílená. Barney dostane novou přezdívku.",
    "thumb": "https://image.tmdb.org/t/p/w500/pWUcWK5i40X7N8LmwJe57eASJSn.jpg"
  },
  "S02E08": {
    "title": "Atlantic City",
    "plot": "Když se Marshall a Lily konečně rozhodnou se vzít, celá parta se vydá do Atlantic City. Tajně se vzít však už není tak jednoduché jako dřív.",
    "thumb": "https://image.tmdb.org/t/p/w500/imqVqQA4FAoknE0VVQemXSRV5eE.jpg"
  },
  "S02E09": {
    "title": "Sázka o facku",
    "plot": "Robin se snaží skrývat svou tajnou minulost a kluci probírají protichůdné názory na seznamování se ženami: zatímco Ted chce raději vědět všechno hned, Barney o nich chce vědět co nejméně.",
    "thumb": "https://image.tmdb.org/t/p/w500/3CV91KgmgD0q52k5e9BmpBukifI.jpg"
  },
  "S02E10": {
    "title": "Barneyho bratr",
    "plot": "Barneyho gay bratr přijíždí na návštěvu zrovna když Barney bojuje s tím, že všichni jeho nejbližší přátelé jsou zadaní.",
    "thumb": "https://image.tmdb.org/t/p/w500/d94UQ7Z37jfNMPoqdD8P22d5rqq.jpg"
  },
  "S02E11": {
    "title": "Vánoční cenzura",
    "plot": "Když hrozí, že hádka mezi Tedem a Lily všem zkazí svátky, musí Ted přijít na to, jak to napravit.",
    "thumb": "https://image.tmdb.org/t/p/w500/1UEEoIeam1MhDzSTDpfrqRRbjsG.jpg"
  },
  "S02E12": {
    "title": "Poprvé v New Yorku",
    "plot": "Robin chce své mladší sestře rozmluvit její rozhodnutí přijít o panenství a parta si navzájem vypráví divoké historky o svých prvních sexuálních zážitcích.",
    "thumb": "https://image.tmdb.org/t/p/w500/yHs52bO8ORbbxEp6bH6Jtx0LTmt.jpg"
  },
  "S02E13": {
    "title": "Sloupy",
    "plot": "Marshallův nahý obraz vnukne Barneymu nápad nechat se také namalovat a Ted se nedokáže přimět k tomu, aby vyhodil svého bývalého šéfa, navzdory tomu, jak je nesnesitelný.",
    "thumb": "https://image.tmdb.org/t/p/w500/qmVuhJN222RciP4Zf50Exik41nD.jpg"
  },
  "S02E14": {
    "title": "Nahrané finále",
    "plot": "Kvůli pohřbu parta nemůže sledovat Super Bowl v přímém přenosu a tak se domluví, že nebudou zjišťovat výsledek, dokud se na zápas nebudou moct podívat společně.",
    "thumb": "https://image.tmdb.org/t/p/w500/i7kYxInZUZ7vpSxGQRqy1rMPZ4W.jpg"
  },
  "S02E15": {
    "title": "Mince pro štěstí",
    "plot": "Ted se zamýšlí nad tajemnými cestami osudu po sérii smůly, která ho však možná dovede ke štěstí.",
    "thumb": "https://image.tmdb.org/t/p/w500/6xTMFHViy16OV9DjcspguPQSGGj.jpg"
  },
  "S02E16": {
    "title": "Věci",
    "plot": "Ted a Robin se zbavují vzpomínek na předchozí vztahy, Lilyino účinkování v příšerné hře přiměje Barneyho, aby hrál hlavní roli ve své vlastní hře.",
    "thumb": "https://image.tmdb.org/t/p/w500/fzRFDZfEV91qANE3Oy8LUYBsvMx.jpg"
  },
  "S02E17": {
    "title": "Sbohem Fiero",
    "plot": "Marshallovo milované Fiero je v opravně a všichni vzpomínají na dobré časy, které ve starém autě zažili. Marshall si uvědomí, že je možná konečně čas nechat ho jít.",
    "thumb": "https://image.tmdb.org/t/p/w500/pXaGasv15zR2gZ3gCiE7VyMM8Fe.jpg"
  },
  "S02E18": {
    "title": "Stěhování",
    "plot": "Než začne uvažovat o tom, že se do Tedova starého pokoje nastěhuje sám, dělá Barney všechno pro to, aby Tedovi zabránil nastěhovat se k Robin.",
    "thumb": "https://image.tmdb.org/t/p/w500/fPlgzYL1WJ1tiRIqcWIuM7cKcsv.jpg"
  },
  "S02E19": {
    "title": "Rozlučka se svobodou",
    "plot": "Když Barney zkazí Marshallovu rozlučku se svobodou, málem mu zruší pozvánku na svatbu, ale Lily se ho zastane.",
    "thumb": "https://image.tmdb.org/t/p/w500/dA4B6uBrJQqRRPSTvD8P1t0rAdu.jpg"
  },
  "S02E20": {
    "title": "A jdeme do finále",
    "plot": "Barney je nadšený příležitostí splnit si životní sen: účastnit se pořadu Správná cena a setkat se s Bobem Barkerem.",
    "thumb": "https://image.tmdb.org/t/p/w500/nKI4MROWOwUHOczdHVT2xwPY9s5.jpg"
  },
  "S02E21": {
    "title": "Něco půjčeného",
    "plot": "Překvapivě je na Barneym, mistru nezadanosti, aby vše napravil, když se svatební den Marshalla a Lily začne kazit.",
    "thumb": "https://image.tmdb.org/t/p/w500/cNMmJvQNFibwjcC2ShyD0w4xo6J.jpg"
  },
  "S02E22": {
    "title": "Něco modrého",
    "plot": "Na svatební hostině Marshalla a Lily se Barney zoufale snaží odhalit velké tajemství, které Ted s Robin skrývají.",
    "thumb": "https://image.tmdb.org/t/p/w500/yC8CCUrCknMxzr5GxHwUzTlrP9Y.jpg"
  },
  "S03E01": {
    "title": "Počkej si",
    "plot": "Když se Robin vrátí s argentinským Adonisem, Ted se rozhodne, že je připraven vyrazit do města s Barneym a jeho vystupování je legen… počkej si na to… dární!",
    "thumb": "https://image.tmdb.org/t/p/w500/uWPvxFPdM58Iq2lA12Prj87TE1u.jpg"
  },
  "S03E02": {
    "title": "My nejsme místní",
    "plot": "Když vidí, jak se dívkám podlamují kolena nad Robininým přítelem Gaelem, který pochází z Argentiny, Barney a Ted se rozhodnou vydávat za cizince, aby na to balili holky.",
    "thumb": "https://image.tmdb.org/t/p/w500/ku7S3V9ka15ETD8e0SB78QFdSVd.jpg"
  },
  "S03E03": {
    "title": "Tříkolka",
    "plot": "Když se Ted líbí dvěma krásným ženám, zábava se přesouvá k němu domů a ostatní pomůžou Tedovi pochopit, že smůla nechodí vždycky ve trojici.",
    "thumb": "https://image.tmdb.org/t/p/w500/2BUexYjeo9yeL1PzHHgXQrvVHJU.jpg"
  },
  "S03E04": {
    "title": "Malí kluci",
    "plot": "Když si Robin, která má fobii z dětí, překvapivě vytvoří pouto se synem muže, se kterým randí, rozhodne se, že je to moc vážné a musí přijít na to, jak to klukovi něžně oznámit.",
    "thumb": "https://image.tmdb.org/t/p/w500/14dlPd2gIY3co7yxNZ9jBkVyqzA.jpg"
  },
  "S03E05": {
    "title": "Jak jsem poznal všechny ostatní",
    "plot": "Když Tedova nová přítelkyně začne žárlit, že příběh o tom, jak se seznámil s kamarády, je lepší než příběh o jejich seznámení, zařadí se na Barneyho „stupnici šílenosti“ opravdu vysoko.",
    "thumb": "https://image.tmdb.org/t/p/w500/dft74355Mf7YMvw9hdiBG25WIh.jpg"
  },
  "S03E06": {
    "title": "To nejsem já",
    "plot": "Když Marshalla pozve na večeři náborář z velké korporátní právnické firmy, zvažuje, že se vzdá svého snu zachraňovat Zemi ve prospěch všemocného dolaru.",
    "thumb": "https://image.tmdb.org/t/p/w500/9dZ4TdTeug2bchecoSCUO6DvxLP.jpg"
  },
  "S03E07": {
    "title": "Pověčisodvod",
    "plot": "Když se Lily a Marshall rozhodnou koupit si byt, nejenže udělají všechno špatně, ale když žádají o půjčku, Marshall také odhalí Lilyino malé finanční tajemství.",
    "thumb": "https://image.tmdb.org/t/p/w500/oSZZDo5KBdE5lY95HQ8159g162d.jpg"
  },
  "S03E08": {
    "title": "Zvykání na zlozvyk",
    "plot": "Když si Ted myslí, že potkal úžasnou dívku, parta si nemůže pomoct a poukazuje na její zásadní chyby, což vede k vášnivé výměně názorů.",
    "thumb": "https://image.tmdb.org/t/p/w500/bHn50EpcwcoV1YGGCnhEcHDVsIp.jpg"
  },
  "S03E09": {
    "title": "Fackodání",
    "plot": "Lily a Marshall pořádají první Díkůvzdání jako manželé a Barneyho mučí odpočet sázky o facku a nejistota, kdy přesně facku dostane.",
    "thumb": "https://image.tmdb.org/t/p/w500/plbgDGhkIjCYbC1N05XEcGGNTrE.jpg"
  },
  "S03E10": {
    "title": "Nervy",
    "plot": "Když Barney ztratí své kouzlo, navštíví afterparty podzimní módní přehlídky Victoria's Secret, aby se vrátil zpět na koně, ale jeho schopnosti jsou vystaveny zkoušce, když se setká se supermodelkou Heidi Klumovou.",
    "thumb": "https://image.tmdb.org/t/p/w500/2AJ1ddPOKU2Qhxbpv4ppmKuS9o0.jpg"
  },
  "S03E11": {
    "title": "Platinové pravidlo",
    "plot": "Když se parta dozví, že Ted pozval na rande svou doktorku, snaží se ho (historkami o vlastních špatných zkušenostech) přesvědčit, že nikdy není dobrý nápad chodit s někým, koho pravidelně vídáte.",
    "thumb": "https://image.tmdb.org/t/p/w500/5Q3qAYWl4y5bvIEybOzo1H7nBR3.jpg"
  },
  "S03E12": {
    "title": "Žádný zítřek",
    "plot": "Když si Ted vezme příklad z Barneyho a žije, jako by měl dnes umřít, vrátí ho Marshall po Dni svatého Patrika do reality.",
    "thumb": "https://image.tmdb.org/t/p/w500/etYJrFpI6LVPFIg1QNdpvO0oVGa.jpg"
  },
  "S03E13": {
    "title": "Deset sezení",
    "plot": "Navzdory radám ostatních, aby nechodil s někým, s kým se pravidelně vídá, se Ted stále snaží zaujmou svou krásnou dermatoložku Stellu. Zatímco Stella Tedovo pozvání na rande opakovaně odmítá, její recepční Abby Ted okouzlí.",
    "thumb": "https://image.tmdb.org/t/p/w500/4pHHNTmDP7b18VREZZCDnxkmgBC.jpg"
  },
  "S03E14": {
    "title": "Pavouk",
    "plot": "Když záhadná žena sabotuje Barneyho milostný život, začne se zabývat statistikou, aby zúžil pole 64 žen, které mají nejvíce důvodů ho nenávidět.",
    "thumb": "https://image.tmdb.org/t/p/w500/hxN7d5ko4S1UtLyf8tkWl6zr5lt.jpg"
  },
  "S03E15": {
    "title": "Řetězec řvaní",
    "plot": "Když Marshalla seřve jeho šéf, začne zpochybňovat, jestli rozhodnutí pracovat pro velkou korporátní právnickou firmu bylo tím nejlepším kariérním krokem.",
    "thumb": "https://image.tmdb.org/t/p/w500/knYvgeRmUdGtXc4H6PMNiKRkqft.jpg"
  },
  "S03E16": {
    "title": "Hrady z písku v písku",
    "plot": "Když Robin obnoví vztah s bývalým přítelem a on ji znovu zklame, Barney jí svým vlastním nenapodobitelným způsobem pomůže uvědomit si, jak je úžasná.",
    "thumb": "https://image.tmdb.org/t/p/w500/8ZwXQhsGxGQ5jKS4lKoCRr0EzRX.jpg"
  },
  "S03E17": {
    "title": "Koza",
    "plot": "Když Barney provinile poruší Kodex parťáka, bojuje s důsledky své chyby.",
    "thumb": "https://image.tmdb.org/t/p/w500/3N18ZEGONMymLcirClBTLILq3rn.jpg"
  },
  "S03E18": {
    "title": "Parťák z trucu",
    "plot": "Když Ted prozradí partě Stellino intimní tajemství, musí čelit následkům toho, že zradil její důvěru.",
    "thumb": "https://image.tmdb.org/t/p/w500/8b6b7R4EJY7axRhCowzgisTdqiJ.jpg"
  },
  "S03E19": {
    "title": "Totální výprodej",
    "plot": "Když si Barney a Abby uvědomí, že sdílí společnou nenávist k Tedovi, rozhodne se tento „pár“ jít do baru a cpát Tedovi svůj vztah.",
    "thumb": "https://image.tmdb.org/t/p/w500/9TG2PlDKcQtOCWvfDSno5GMyOPF.jpg"
  },
  "S03E20": {
    "title": "Zázraky",
    "plot": "Ted se rozejde se Stellou a poté má autonehodu. Svoje činy si rozmyslí a pokouší se ji získat zpátky.",
    "thumb": "https://image.tmdb.org/t/p/w500/bDhNkgINzIURnYRjyN3fVLnPODj.jpg"
  },
  "S04E01": {
    "title": "Známe se?",
    "plot": "Stella přijme Tedovu nabídku k sňatku a on si uvědomí, že toho o ní moc neví. Barney se svěří Lily, že je zamilovaný do Robin.",
    "thumb": "https://image.tmdb.org/t/p/w500/p6rG9TBFiKUqU3JqSlglIW6Fyu7.jpg"
  },
  "S04E02": {
    "title": "Nejlepší hamburger New Yorku",
    "plot": "Televizní moderátor Regis Philbin se setkává s Marshallem, který je blázen do hamburgerů a pátrá po restauraci, kde si dal svůj první hamburger v New Yorku.",
    "thumb": "https://image.tmdb.org/t/p/w500/eoCDB4U3Ax6LU0U6FSPGP4tlqVp.jpg"
  },
  "S04E03": {
    "title": "Miluju New Jersey",
    "plot": "Ted pozve celou partu do Stellina bytu v New Jersey a snaží se jim namluvit výhody života na předměstí. Pak se ale dozví, že Stella očekává, že se za ní po svatbě přestěhuje.",
    "thumb": "https://image.tmdb.org/t/p/w500/yWwjOyablD1mlencjWdBiKFeqDT.jpg"
  },
  "S04E04": {
    "title": "Promluva do duše",
    "plot": "Ted trvá na tom, aby mu jeho přátelé promluvili do duše, jak si původně naplánovali kvůli jeho zásnubám se Stellou.",
    "thumb": "https://image.tmdb.org/t/p/w500/8UoNFqp76npbEXk30B4kjjK3rWE.jpg"
  },
  "S04E05": {
    "title": "Prokletý ostrov",
    "plot": "Stella a Ted se spontánně rozhodnou, že se za tři dny vezmou. Přítomnost jejich ex ovšem zničí to, co mělo být „nejšťastnějším dnem jejich života“.",
    "thumb": "https://image.tmdb.org/t/p/w500/pMS2BSvREWnUUhUCNazumhpOsI1.jpg"
  },
  "S04E06": {
    "title": "A žili šťastně až do smrti",
    "plot": "Parta probírá své plány pro případ, že by náhodou narazili na někoho z minulosti, koho by bývali raději už nikdy neviděli.",
    "thumb": "https://image.tmdb.org/t/p/w500/7iX67vZJYvu6pQZmMvQ5Dpti22l.jpg"
  },
  "S04E07": {
    "title": "Den neotců",
    "plot": "Barney si vymyslí svátek na oslavu toho, že není otcem. Lily s Marshallem uvažují o dítěti.",
    "thumb": "https://image.tmdb.org/t/p/w500/jWtzDex1oRSldCEyZLrdinDWlFK.jpg"
  },
  "S04E08": {
    "title": "Jéé!",
    "plot": "Robin se seznamuje s „Jééčivkami“, skupinou nezadaných pařmenek. Ted ukáže Barneymu návrh nové centrály jeho společnosti.",
    "thumb": "https://image.tmdb.org/t/p/w500/dUBvqY6SPA1bYR2uNQTvwkUPqBi.jpg"
  },
  "S04E09": {
    "title": "Naháč",
    "plot": "Ted vejde do bytu a na gauči najde nahého chlapa čekajícího na Robin. Partě dojde, že tahle metoda by mohla být nejjednodušším způsobem, jak dostat někoho do postele.",
    "thumb": "https://image.tmdb.org/t/p/w500/siPHeiYuPXli6nl9gvZ1mF89ZQw.jpg"
  },
  "S04E10": {
    "title": "Rvačka",
    "plot": "Ted a Barney se připletou ke rvačce, aby před kamarády vypadali atraktivnější.",
    "thumb": "https://image.tmdb.org/t/p/w500/zHjEszTZzdaXq6ziom4OfVnNDMq.jpg"
  },
  "S04E11": {
    "title": "Malá Minnesota",
    "plot": "Z Teda se stává přehnaně starostlivý starší bratr a snaží se ochránit svou sestru, která za ním přijíždí do New Yorku.",
    "thumb": "https://image.tmdb.org/t/p/w500/cedhf0qHqNg7vA7mgfB1coybCX1.jpg"
  },
  "S04E12": {
    "title": "Mírová dohoda",
    "plot": "Z Teda a Robin se stanou „přátelé s výhodami“, aby vyřešili konflikty v bytě. Marshall se pokouší překonat strach a rozpaky, kterým čelí, když si v práci nosí časopis na záchod.",
    "thumb": "https://image.tmdb.org/t/p/w500/okqz3B1T7ascPciZufXXstJrGwL.jpg"
  },
  "S04E13": {
    "title": "Tři dny sněhu",
    "plot": "New York City zasáhne sněhová bouře a ohrozí tradici Marshalla a Lily. Ted a Barney se musí postarat, aby u MacLarena zůstalo otevřeno.",
    "thumb": "https://image.tmdb.org/t/p/w500/utDyV7vNRE8XhrY5R55lm26hDtg.jpg"
  },
  "S04E14": {
    "title": "Dosnežitelné",
    "plot": "Robin zjistí, že má jen pár dní na to, aby si našla práci, jinak jí hrozí deportace do Kanady. Souhlasí s tím, aby pro ni Barney vytvořil video životopis.",
    "thumb": "https://image.tmdb.org/t/p/w500/x6CGze47D3ABwOs3sdfZlhD3Bgl.jpg"
  },
  "S04E15": {
    "title": "Stinsonovi",
    "plot": "Když Barney záhadně opustí hospodu u MacLarena, celá parta se ho rozhodne sledovat. Domnívají se, že má přítelkyni.",
    "thumb": "https://image.tmdb.org/t/p/w500/vDK7Orji3WOCurYMA2Wkjf6XJh0.jpg"
  },
  "S04E16": {
    "title": "Sorry, kámo",
    "plot": "Lily a Marshall nikdy neměli Karen rádi. Když se dozví, že se Tedova přítelkyně z vysoké přistěhovala od New York City, snaží se Teda přimět, aby se od ní držel dál.",
    "thumb": "https://image.tmdb.org/t/p/w500/uhp9j3HhuY4M7YJ7diYde55lWcz.jpg"
  },
  "S04E17": {
    "title": "Veranda",
    "plot": "Ted je v šoku. Dozvídá se, že Lily může nejen za jeho rozchod s Karen, ale že stojí i za spoustou jeho dalších rozchodů.",
    "thumb": "https://image.tmdb.org/t/p/w500/7E9yoOEE8eCFGEplmbafKmjGnJL.jpg"
  },
  "S04E18": {
    "title": "Sexuální praktiky Kanaďanů",
    "plot": "Gigantická národní banka zruší plány na stavbu svého sídla, které měl Ted navrhnout. Marshall a Barney si vymyslí lež, aby Ted nezjistil, že je bez práce.",
    "thumb": "https://image.tmdb.org/t/p/w500/4C6H88HppMjSaZAVOKbBXA9MOjS.jpg"
  },
  "S04E19": {
    "title": "Smrtonosné stáří",
    "plot": "Ted si udělá seznam věcí, na které je podle něj parta moc stará. Barney se snaží dokončit celý seznam během jednoho dne.",
    "thumb": "https://image.tmdb.org/t/p/w500/8Z76r8pcfpHA8h4UXHnf0VHdDAy.jpg"
  },
  "S04E20": {
    "title": "Mosbius Designs",
    "plot": "Ted si ve svém bytě založí vlastní architektonickou firmu a najme asistenta, aby mu pomohl firmu rozjet.",
    "thumb": "https://image.tmdb.org/t/p/w500/fA8RwAUWUt81InvmoQTus1lnG40.jpg"
  },
  "S04E21": {
    "title": "Pravidlo tří dnů",
    "plot": "Ted poruší Barneyho a Marshallovo „pravidlo tří dnů“ a začne si psát s dívkou, kterou sotva poznal. Oba si z Teda vystřelí a začnou se za ni vydávat.",
    "thumb": "https://image.tmdb.org/t/p/w500/lK5QomVtzBqKR5R0uIvGL4Sdfqg.jpg"
  },
  "S04E22": {
    "title": "Ve správný čas na správném místě",
    "plot": "Ted zjišťuje, jak náhodné setkání s někým z minulosti může člověka posunout směrem k jeho osudu. Barney slaví významné životní jubileum.",
    "thumb": "https://image.tmdb.org/t/p/w500/jxtSwzAUU9o9kMCj9qkqPkvIsgn.jpg"
  },
  "S04E23": {
    "title": "Tak rychle, jak to jde",
    "plot": "Tedův starý známý má pocit, že mu zničil život a trvá na tom, že mu pomůže najít práci. Tento laskavý čin se mu ovšem vymstí. Barney se snaží dokázat, že se může vymluvit z pokuty za rychlost.",
    "thumb": "https://image.tmdb.org/t/p/w500/7zWJ3q0t55zXXsKLn78nkY8WFUS.jpg"
  },
  "S04E24": {
    "title": "Skok",
    "plot": "Ted celou noc pracuje na projektu, který by měl nakopnout jeho architektonickou firmu a Marshall se ho pokusí vylákat na střechu na nečekanou oslavu 31. narozenin.",
    "thumb": "https://image.tmdb.org/t/p/w500/y6HYEkUhCQSG3CP1T8bl8kl8Ya6.jpg"
  },
  "S05E01": {
    "title": "Definice",
    "plot": "Když parta zjistí, že Barney a Robin nechtějí definovat svůj vztah, donutí je Lily postavit se jejich největšímu strachu.",
    "thumb": "https://image.tmdb.org/t/p/w500/8F2QzZiEnWRnaq2HL5ElomyJc60.jpg"
  },
  "S05E02": {
    "title": "Dvojité rande",
    "plot": "Ted vyrazí na rande na slepo a zjistí, že jde o už druhé první rande se stejnou dívkou… a že ani o sedm let později nemají nic společného.",
    "thumb": "https://image.tmdb.org/t/p/w500/j1erfnPFzDVGFqEyelfcqntZya6.jpg"
  },
  "S05E03": {
    "title": "Základy Robin",
    "plot": "Robin se bojí, že ji Barney podvádí. Brzy ale zjistí, že večery tráví s Tedem, který ho učí, jak s Robin zacházet.",
    "thumb": "https://image.tmdb.org/t/p/w500/u6uq5IOj0H9qOAoD2YuEQ5rW8vA.jpg"
  },
  "S05E04": {
    "title": "Bezsexuální hostinský",
    "plot": "Lily a Marshallovi dojde, že Robin a Barney jsou ideální pár pro dvojité rande. Snaží se na ně udělat dojem a přeženou to. Barney s Robin se s nimi snaží rozejít.",
    "thumb": "https://image.tmdb.org/t/p/w500/6jMLPSErXzviYy5nv5T9ZUgDf2y.jpg"
  },
  "S05E05": {
    "title": "Dvojí občanství",
    "plot": "Barney se snaží přimět Robin, aby získala americké občanství. Výlet Teda a Marshalla se zvrtne, když se k nim rozhodne přidat Lily.",
    "thumb": "https://image.tmdb.org/t/p/w500/eW6Mpki320lcjr0Nn7K9CjIqnG4.jpg"
  },
  "S05E06": {
    "title": "Dudy",
    "plot": "Aby dokázal, že s Robin tvoří dokonalý pár, dá Barney Marshallovi arogantně radu ohledně vztahů, což vyústí v obrovskou hádku mezi Marshallem a Lily.",
    "thumb": "https://image.tmdb.org/t/p/w500/oJtwQnnXt9PspYymcfxX2uaknIh.jpg"
  },
  "S05E07": {
    "title": "Složité období",
    "plot": "Parta zjišťuje, že Barneymu a Robin to spolu neklape. Ted a Marshall se obrátí na Lily, aby pomohla s jejich rozchodem.",
    "thumb": "https://image.tmdb.org/t/p/w500/mh7XLdSLllWyB5LaieAHZ9JEuNc.jpg"
  },
  "S05E08": {
    "title": "Rukověť",
    "plot": "Po rozchodu s Robin se Barney vrhne po hlavě do randění a použije k tomu svoje klasické triky z „Rukověti“.",
    "thumb": "https://image.tmdb.org/t/p/w500/8XtynVIHKpL4npQOH4hnKHtr0wd.jpg"
  },
  "S05E09": {
    "title": "Fackodání 2 - Facka vrací úder",
    "plot": "Barney se vyděsí, když Marshall věnuje Tedovi a Robin další z facek. Lilyin otec přijíždí na Díkuvzdání.",
    "thumb": "https://image.tmdb.org/t/p/w500/bLAzbiS5Qnvfd1eH8aH47mPrDZw.jpg"
  },
  "S05E10": {
    "title": "Okno",
    "plot": "Parta se snaží pomoci Tedovi získat jeho ideální dívku. A Marshall začne jednat, když najde dopis napsaný jeho mladším já.",
    "thumb": "https://image.tmdb.org/t/p/w500/nwhnTKekjrkyDPBt03gFJps8I9u.jpg"
  },
  "S05E11": {
    "title": "Poslední cigareta v životě",
    "plot": "Robinin otravný nový kolega ji dožene k cigaretám, což má dominový efekt na zbytek party. Když se jim kouření vymkne z rukou, uzavřou spolu dohodu, že se zbaví zlozvyku a podělí se o svou poslední cigaretu v životě.",
    "thumb": "https://image.tmdb.org/t/p/w500/qHsTOtrSbb7yWdSpHPy6snIJRbz.jpg"
  },
  "S05E12": {
    "title": "Holky versus obleky",
    "plot": "Barney si musí vybrat mezi postelí sexy barmanky z baru a svými milovanými obleky. Ted udělá další krok k seznámení se svou budoucí ženou.",
    "thumb": "https://image.tmdb.org/t/p/w500/zfNoaPcbxiJUiCDXI1g2PIC6Yvl.jpg"
  },
  "S05E13": {
    "title": "Jenkins",
    "plot": "Lily odmítá uvěřit, že Marshalla políbila jeho atraktivní kolegyně. Marshall trvá na tom, aby Jenkins Lily řekla, co se skutečně stalo.",
    "thumb": "https://image.tmdb.org/t/p/w500/p4c4iT9Ai2eQnwAbLCsqik7gEwV.jpg"
  },
  "S05E14": {
    "title": "Dokonalý týden",
    "plot": "Barney má perfektní týden na dosah a celá parta mu fandí, aby zapomněla na své vlastní mizerné dny.",
    "thumb": "https://image.tmdb.org/t/p/w500/gxFpNlomzPSV30WZaRdUmwpDiHZ.jpg"
  },
  "S05E15": {
    "title": "Králík nebo kachna",
    "plot": "Lily a Marshall zapomenou domluvit Tedovi rande naslepo na Valentýna. Místo toho využijí jednu z mnoha Barneyho bývalek, aby zjistili, jestli se může stát Tedovou budoucí ženou.",
    "thumb": "https://image.tmdb.org/t/p/w500/vxBPChC7t8ahB9Mu0upKOjWhxBt.jpg"
  },
  "S05E16": {
    "title": "Na háku",
    "plot": "Parta se pokouší přesvědčit Teda, že si s ním Tiffany jen hraje. Odkazují se na vztahy, ve kterých se všichni ocitli ve stejné situaci.",
    "thumb": "https://image.tmdb.org/t/p/w500/5T9AbfvVBtZ5nSfh2F4J0MPgvlK.jpg"
  },
  "S05E17": {
    "title": "Ne",
    "plot": "Robin se pořád zlobí a je ublížená kvůli tomu, jak necitlivě se Barney choval po jejich rozchodu. Vymyslí plán, jak Barneyho srazit na kolena.",
    "thumb": "https://image.tmdb.org/t/p/w500/vA9nqwWH30NpaIs2AMCrZsVX7be.jpg"
  },
  "S05E18": {
    "title": "Řekni sýr",
    "plot": "Ted zkazí Lily její narozeninovou oslavu a přivede si přítelkyni. Lily se snaží udělat vše pro to, aby se nedostala na tradiční společnou fotografii, kterou každý rok pořizuje.",
    "thumb": "https://image.tmdb.org/t/p/w500/vZZ5gno9nPl589KXNSuLD7Bj3Ln.jpg"
  },
  "S05E19": {
    "title": "Pravda nebo zvěř",
    "plot": "Když Marshalla přepadnou, Lily se rozhodne, že si na ochranu pořídí zbraň. Marshall si proto vymyslí spletitou historku, aby Lily odradil.",
    "thumb": "https://image.tmdb.org/t/p/w500/iLJIcUuQFwgcVbKa5uayvgJKRqL.jpg"
  },
  "S05E20": {
    "title": "Hlavou proti zdi",
    "plot": "Ted se stane svědkem až přehnané náklonnosti své matky k jejímu snoubenci a teď si klade otázku, jak moc je ve svém životě pozadu.",
    "thumb": "https://image.tmdb.org/t/p/w500/mp0ZoF4CEc8nndBFUscZT5vJaOz.jpg"
  },
  "S05E21": {
    "title": "Oddělené postele",
    "plot": "Ted a Barney se předhánějí v lásce k Robin. Marshall a Lily stráví víkend spaním v oddělených postelích a rozhodnou se je pořídit i domů.",
    "thumb": "https://image.tmdb.org/t/p/w500/67YmIvpgUoKPifXohg1ONC6rzti.jpg"
  },
  "S05E22": {
    "title": "Roboti proti wrestlerům",
    "plot": "Ted, Marshall, Lily a Barney dorazí na nóbl večírek, kde jim Ted předvede svou snobskou stránku.",
    "thumb": "https://image.tmdb.org/t/p/w500/ekznK1nOrUlnmInLuwdobXxk2sj.jpg"
  },
  "S05E23": {
    "title": "Nevěsta",
    "plot": "Ted jde na rande do kina na film Nevěsta a uvědomí si, že je volně inspirovaný jeho vlastním vztahem s jednou z bývalek.",
    "thumb": "https://image.tmdb.org/t/p/w500/zJpwD7MgzQhZaCa1YWVVhA0KWvv.jpg"
  },
  "S05E24": {
    "title": "Dvojníci",
    "plot": "Marshall a Lily uzavřou tajnou dohodu, že pokud někdy konečně uvidí Barneyho dvojníka, začnou se snažit o dítě.",
    "thumb": "https://image.tmdb.org/t/p/w500/9qBFa2j1c9INyFyZA7I74wYTU7Z.jpg"
  },
  "S06E01": {
    "title": "Velké dny",
    "plot": "Ted a Barney se hádají o sexy kočku a Ted si uvědomí, že je tam se Cindy (Rachel Bilsonová), se kterou dříve chodil a která je zároveň spolubydlící jeho budoucí manželky.",
    "thumb": "https://image.tmdb.org/t/p/w500/osCZOVqH2kWyDZIclTQO8nw7BPu.jpg"
  },
  "S06E02": {
    "title": "Úklid před vlastním prahem",
    "plot": "Barney přesvědčí partu, aby pomohli jeho matce se stěhováním. Brzy se ale dozví, že máma Barneyho chránila a lhala mu o událostech, ke kterým došlo.",
    "thumb": "https://image.tmdb.org/t/p/w500/wpv7iOtIPHpD9PmSHsrKdiaZVta.jpg"
  },
  "S06E03": {
    "title": "Nedořešená",
    "plot": "Ted odmítne Barneyho nabídku, aby navrhl novou budovu GNB. Ten se ho snaží zlanařit svými nejlepšími balícími triky. Robin se ještě nevzpamatovala z rozchodu s Donem a v opilosti mu zavolá.",
    "thumb": "https://image.tmdb.org/t/p/w500/h8S7M3ovZFOACTTuxLh7OJGb7YD.jpg"
  },
  "S06E04": {
    "title": "Praví Newyorčané",
    "plot": "Parta si Robin dobírá, že není pravá Newyorčanka. Ta se jim rozhodne dokázat opak a pustí se s nimi do závodu s cílem v restauraci v centru města.",
    "thumb": "https://image.tmdb.org/t/p/w500/3a4AzP51PDDrkJkqwmIaOtg5S41.jpg"
  },
  "S06E05": {
    "title": "Architekt destrukce",
    "plot": "Ted se zamiluje do dívky, která horlivě usiluje o záchranu památkové budovy. Ta má být zbourána, aby uvolnila místo jeho novému vysněnému projektu.",
    "thumb": "https://image.tmdb.org/t/p/w500/jJo0mBqTWK7KbbqwbGgA5AgHvdk.jpg"
  },
  "S06E06": {
    "title": "Dětské řeči",
    "plot": "Marshall a Lily si nezávisle na sobě zjišťují, jak se dá ovlivnit pohlaví jejich budoucího dítěte.",
    "thumb": "https://image.tmdb.org/t/p/w500/eXW1JySTyWf06HClYnxTrPP4IBR.jpg"
  },
  "S06E07": {
    "title": "Padák pro Randyho",
    "plot": "Zoey se zapíše na Tedův předmět a zmanipuluje jeho studenty, aby se postavili na její stranu v boji za záchranu budovy, kterou mají zbourat kvůli jeho projektu. Marshall a Lily uvidí Robin, jak pochoduje v halloweenském průvodu hanby.",
    "thumb": "https://image.tmdb.org/t/p/w500/j88OTm6hh3iVr9FOrQbJ5tyY9t2.jpg"
  },
  "S06E08": {
    "title": "Večer v muzeu",
    "plot": "Parta se účastní dobročinné akce v Přírodovědném muzeu, kde Ted narazí na svého úhlavního nepřítele a jejího manžela Kapitána.",
    "thumb": "https://image.tmdb.org/t/p/w500/bgSR5J9n7JLylaRW6HpjhTGSS9x.jpg"
  },
  "S06E09": {
    "title": "Bobři a matika",
    "plot": "Parta povzbuzuje Robin, aby se znovu setkala s Jessicou Glitter, svou bývalou nejlepší kamarádkou z dob, kdy vystupovaly v kanadském pořadu pro děti.",
    "thumb": "https://image.tmdb.org/t/p/w500/A29qHIG8G3WNfsLRkISAyxb4W4r.jpg"
  },
  "S06E10": {
    "title": "Prokleté Díkůvzdání",
    "plot": "Parta stráví bláznivou noc se smolařem „Blitzem“, starým Tedovým kamarádem z vysoké školy. A Ted musí strávit Den díkůvzdání se Zoey.",
    "thumb": "https://image.tmdb.org/t/p/w500/ycE7xUnK10Hp3twTQOqxOfUWUjW.jpg"
  },
  "S06E11": {
    "title": "Teorie o mořské panně",
    "plot": "Ted se spřátelí se Zoeyiným manželem „Kapitánem“, zrovna když začne pochybovat o svém vlastním vztahu k Zoey.",
    "thumb": "https://image.tmdb.org/t/p/w500/fRTf5sk4n1Mg6uSuvf59RvlRDmE.jpg"
  },
  "S06E12": {
    "title": "Planý poplach",
    "plot": "Marshall a Lily se dozví šokující zprávu, která dopadne na celou partu a všechny je přiměje přehodnotit své dosavadní životy.",
    "thumb": "https://image.tmdb.org/t/p/w500/6pi8N8zo5gA5OneOJxum5qVZMSZ.jpg"
  },
  "S06E13": {
    "title": "Špatné zprávy",
    "plot": "Lily se bojí, že nikdy neotěhotní. Vydá se proto s Marshallem za specialistou, který by jim měl pomoci. Robin mezitím začíná v nové práci.",
    "thumb": "https://image.tmdb.org/t/p/w500/aRj4PvSQFgQ0FoEePqzMNaxblCw.jpg"
  },
  "S06E14": {
    "title": "Poslední slova",
    "plot": "Parta cestuje s Marshallem domů do Minnesoty. Ve snaze Marshalla rozesmát se Ted a Barney nezastaví před ničím.",
    "thumb": "https://image.tmdb.org/t/p/w500/7xK5czKvP3Vj9E1KYqGKQRToLnN.jpg"
  },
  "S06E15": {
    "title": "Ale, zlato...",
    "plot": "Zoey přivede sestřenici (Katy Perry), aby ji dala dohromady s Tedem. Když parta zjistí, jak je holčina naivní, začnou jí říkat „Zlato“.",
    "thumb": "https://image.tmdb.org/t/p/w500/7q8zV7Lqw5aP2DTQKHqNzHwfYjv.jpg"
  },
  "S06E16": {
    "title": "Den zoufalství",
    "plot": "Barney vyhlásí 13. února „Dnem zoufalství“, svátkem pro zoufalé ženy. Lily překvapí Marshalla na Valentýna, Ted a Zoey dál řeší svůj vztah a Robin se sbližuje se svými svobodnými kamarádkami.",
    "thumb": "https://image.tmdb.org/t/p/w500/wi4jhsJf0fATxucVEj7b8jiO2W7.jpg"
  },
  "S06E17": {
    "title": "Ostrov odpadků",
    "plot": "Marshall je posedlý záchranou životního prostředí a Ted potká Kapitána, bývalého manžela Zoey.",
    "thumb": "https://image.tmdb.org/t/p/w500/7pQ0lD1gZ0ckgmlnlBrIuEssOe6.jpg"
  },
  "S06E18": {
    "title": "Srdeční záležitost",
    "plot": "Barney začne k Noře cítit opravdové city a začne se bát, že s jeho srdcem není něco v pořádku. Robin mezitím začne chodit s chlápkem, co se chová jako pes.",
    "thumb": "https://image.tmdb.org/t/p/w500/wron7NnMxwI0U6Zc4LrN1eu6X9w.jpg"
  },
  "S06E19": {
    "title": "Legentátní",
    "plot": "Barney se konečně setká se svým otcem (John Lithgow) a je překvapen, jak se jeho život vyvíjel.",
    "thumb": "https://image.tmdb.org/t/p/w500/onziWkytBHRmW4Q2nt8B36Jb3Km.jpg"
  },
  "S06E20": {
    "title": "Výbušná americká bageta",
    "plot": "Lily a Barneymu se nelíbí, že Marshall dal výpověď v GNB a nastoupil jako dobrovolník v ekologické organizaci.",
    "thumb": "https://image.tmdb.org/t/p/w500/3wgtUICqtsrDLfnq5vkwm3BUbwr.jpg"
  },
  "S06E21": {
    "title": "Beznadějný",
    "plot": "Barney se snaží sblížit se svým tátou (John Lithgow) a požádá partu, aby mu lhaním o vlastních životech pomohli udělat jeho život ještě zajímavější.",
    "thumb": "https://image.tmdb.org/t/p/w500/8p0C5khVEx3j2kswsqPGNyMjKUA.jpg"
  },
  "S06E22": {
    "title": "Dokonalý koktejl",
    "plot": "Robin a Lily se snaží najít tu správnou kombinaci koktejlů, která je přinutí se usmířit. Ted si mezitím plánuje romantický víkend se Zoey.",
    "thumb": "https://image.tmdb.org/t/p/w500/chbydBslKepdZFrFrIvQm2PMIlR.jpg"
  },
  "S06E23": {
    "title": "Památky",
    "plot": "Ted stojí před důležitým rozhodnutím, které může ovlivnit jeho budoucnost se Zoey. A parta mu řekne, co si o ní ve skutečnosti myslí.",
    "thumb": "https://image.tmdb.org/t/p/w500/84Ih8mh5LykuZER1C0s5WWORtnk.jpg"
  },
  "S06E24": {
    "title": "Výzva přijata",
    "plot": "Na Teda čekají povinnosti svědka na velmi důležité svatbě. Robin a Barney se sblíží při zasahování do Tedova vztahu.",
    "thumb": "https://image.tmdb.org/t/p/w500/1f1zugqNWSv4NSjVx5DmAV02pdX.jpg"
  },
  "S07E01": {
    "title": "Svědek",
    "plot": "Zatímco se Barney chystá na svatbu se záhadnou nevěstou, vzpomínají s Tedem na Punchyho svatbu a na to, jak Marshall a Lily oznámili početí potomka.",
    "thumb": "https://image.tmdb.org/t/p/w500/2JfY46pA0OImFYk90L7wDGFqbtO.jpg"
  },
  "S07E02": {
    "title": "Holá pravda",
    "plot": "Poté, co Marshall získá práci svých snů, začíná se obávat, že by společnost mohla vzít svou nabídku zpět, až objeví videa, která Marshall v minulosti natočil.",
    "thumb": "https://image.tmdb.org/t/p/w500/9oqLRGOzaYUHnvQO9tMQ6FBX6A4.jpg"
  },
  "S07E03": {
    "title": "Kravata s kachničkami",
    "plot": "Ted naráží na bývalou přítelkyni, kterou během jejich vztahu podváděl, a snaží se s ní udobřit.",
    "thumb": "https://image.tmdb.org/t/p/w500/vhMSeALYwNyRKXWqzp4AuyDxtST.jpg"
  },
  "S07E04": {
    "title": "Stinsonovská raketová krize",
    "plot": "Poté, co Robin napadne dívku, která chce Barneymu zničit vztah, musí začít navštěvovat soudem nařízenou terapii.",
    "thumb": "https://image.tmdb.org/t/p/w500/gUMpXH9Rud79EviOye2TR5WCx4s.jpg"
  },
  "S07E05": {
    "title": "Exkurze",
    "plot": "Když Marshall vidí, jak jemně postupuje jeho šéf při vyjednávání s milionovou společností, rozhodne se vzít situaci do svých rukou.",
    "thumb": "https://image.tmdb.org/t/p/w500/iPikk2Vse8h7HFGpGlVlBo2dGwH.jpg"
  },
  "S07E06": {
    "title": "Tajemství a minulost",
    "plot": "Když se Ted vydá na rande s dívkou, o které si na internetu nic nezjistil, začne se vměšovat banda, která chce ukázat Kevinovi, že se až příliš starají o záležitosti jeden druhého.",
    "thumb": "https://image.tmdb.org/t/p/w500/iwVEZRj1sKwLAfinS8j2k4aqZkW.jpg"
  },
  "S07E07": {
    "title": "Noretta",
    "plot": "Banda si začíná uvědomovat, že jim jejich partneři připomínají rodiče. Mezitím zkazí série špatných událostí plánovaný romantický večer Barneyho a Nory.",
    "thumb": "https://image.tmdb.org/t/p/w500/8wHYzLMEXTOs5rj3gafQLyIX2os.jpg"
  },
  "S07E08": {
    "title": "Návrat Nemravné dýně",
    "plot": "Ted se konečně setkává s tajemnou dívkou v kostýmu nemravné dýně. Barney mezitím zjišťuje, že je napůl Kanaďan a Lily, že má těhotenský mozek.",
    "thumb": "https://image.tmdb.org/t/p/w500/5CT2Gw0HFMKN95T91A9DocqxO8a.jpg"
  },
  "S07E09": {
    "title": "O fous",
    "plot": "Banda vzpomíná na události během hurikánu Irene a Barney se zoufale snaží zbavit kravaty s kachničkami.",
    "thumb": "https://image.tmdb.org/t/p/w500/neTPDlqCSP4KmkdbRXWUubeCRno.jpg"
  },
  "S07E10": {
    "title": "Tik, tik, tik...",
    "plot": "Barney a Robin se nacházejí v nepříjemné situaci, když se rozhodnou skrývat před svými drahými polovičkami jedno tajemství.",
    "thumb": "https://image.tmdb.org/t/p/w500/dtoTUXzeoR3gECDMnh2ZXkisx1e.jpg"
  },
  "S07E11": {
    "title": "Parťákrodiče",
    "plot": "Ted a Barney probírají rozhodnutí, které jim může změnit život, a Robin se snaží přemluvit Lily a Marshalla, aby se nestěhovali na Long Island.",
    "thumb": "https://image.tmdb.org/t/p/w500/bNohWWU9GYASlJMC7uoN4Qyvil.jpg"
  },
  "S07E12": {
    "title": "Iluminační symfonie",
    "plot": "Robin se dozvídá špatné zprávy a rozhodne se bandě lhát. Marshall mezitím věší vánoční ozdoby.",
    "thumb": "https://image.tmdb.org/t/p/w500/py8mjWNSInXfXm3rYJyi2mA7KGn.jpg"
  },
  "S07E13": {
    "title": "Záhady tajemna",
    "plot": "Marshall navštěvuje hrob svého otce, aby mu povyprávěl o oslavě příchodu nového roku.",
    "thumb": "https://image.tmdb.org/t/p/w500/dzchhKwgckSQWjBIbUMh1rtDqpU.jpg"
  },
  "S07E14": {
    "title": "46 minut",
    "plot": "Ve 150. epizodě seriálu Jak jsem poznal vaši matku se odmítá panovačný otec Lily odstěhovat z jich domu na předměstí.",
    "thumb": "https://image.tmdb.org/t/p/w500/slpEcEPAxUMmo2eedJhb3uYAYpe.jpg"
  },
  "S07E15": {
    "title": "Zapálený včelař",
    "plot": "Lily a Marshall pořádají kolaudačku a Ted se dostává do konfliktu s Marshallovým šéfem.",
    "thumb": "https://image.tmdb.org/t/p/w500/rkrDHImLBxp2Jb0KLGI1sfnnAtH.jpg"
  },
  "S07E16": {
    "title": "Ochlastovlak",
    "plot": "Lily a Marshall zvou Robin a Kevina na Valentýna do Vermontu, kde se Robin a Kevin baví o tom, že by mohli jejich vztah posunout o krok dál.",
    "thumb": "https://image.tmdb.org/t/p/w500/v8AVAWdPpV32rHrvfWykcKVbHmB.jpg"
  },
  "S07E17": {
    "title": "Žádnej stres",
    "plot": "Když se Robin rozejde s Kevinem, Ted se jí vyzná ze svých citů.",
    "thumb": "https://image.tmdb.org/t/p/w500/pYLXsjkMpxcZGmwlJKHLeASSPk.jpg"
  },
  "S07E18": {
    "title": "Karma",
    "plot": "Barney se snaží získat Quinn navzdory zjištění, že je striptérka.",
    "thumb": "https://image.tmdb.org/t/p/w500/o7BqzLcksyZyEIveuakgkxvq5eE.jpg"
  },
  "S07E19": {
    "title": "Slibťák",
    "plot": "Když banda zjistí, že se chtějí Barney a Quinn sestěhovat, začnou se snažit, aby se rozešli.",
    "thumb": "https://image.tmdb.org/t/p/w500/mLnD8iL9WOOaNXI4nbKT24Uq0qy.jpg"
  },
  "S07E20": {
    "title": "Čas trilogie",
    "plot": "Ted, Marshall a Barney se opět chystají sledovat trilogii „Star Wars”, tak jako to dělají každé tři roky, a představují si, jaký bude jejich život při dalším takovém setkání.",
    "thumb": "https://image.tmdb.org/t/p/w500/5ZzBl4CVHsJyrHAoBhe5bw6JU4i.jpg"
  },
  "S07E21": {
    "title": "Vyrovnáno",
    "plot": "Ted si zvyká na samotu v novém domově, zatímco se ho Barney každou noc snaží vytáhnout ven.",
    "thumb": "https://image.tmdb.org/t/p/w500/mpZqJaY03XyOe6BpyoIV4j4slhb.jpg"
  },
  "S07E22": {
    "title": "Správně trhlej",
    "plot": "Během oslavy těhotenství Lily začne Marshall panikařit, když si uvědomí, že se dítě již brzy narodí.",
    "thumb": "https://image.tmdb.org/t/p/w500/oMh9xYmrHJstGTqXAZNlROVS0LC.jpg"
  },
  "S07E23": {
    "title": "Kouzelnický kodex (1)",
    "plot": "Zatímco je Marshall s Barneym v Atlantic City, začíná Lily rodit a Marshall se zoufale snaží dostat se zpátky do New Yorku dřív, než se dítě narodí.",
    "thumb": "https://image.tmdb.org/t/p/w500/yQGwXoakcVQwCl3H68DEZjlsNL5.jpg"
  },
  "S07E24": {
    "title": "Kouzelnický kodex (2)",
    "plot": "Barneyho budoucí svatební den nám konečně odhaluje jeho ženu a banda vzpomíná na to, jak Teda povzbuzovali, aby naslouchal svému srdci a získal si tu, která mu unikla.",
    "thumb": "https://image.tmdb.org/t/p/w500/2VWUvlJnkAHIHyht34BkbuWDd2K.jpg"
  },
  "S08E01": {
    "title": "Farhampton",
    "plot": "Robin je nervózní, když si má brát Barneyho a jde za Tedem, aby ji uklidnil.",
    "thumb": "https://image.tmdb.org/t/p/w500/a2FAe7l23Zld4x3sMZa9blHfFG5.jpg"
  },
  "S08E02": {
    "title": "Předmanželská smlouva",
    "plot": "Barney přichází s komplexní předmanželskou smlouvou a když to kluci zjistí, rozhodnou se přijít s vlastními úpravami jejich vztahů.",
    "thumb": "https://image.tmdb.org/t/p/w500/xtqlraFSX46UpEGyy3kifdP8tsm.jpg"
  },
  "S08E03": {
    "title": "Chůva k pohledání",
    "plot": "Lily a Marshall nemohou sehnat chůvu a nakonec zjistí, že za to může Barney a jeho plán na balení holek.",
    "thumb": "https://image.tmdb.org/t/p/w500/m6pbCJzC51isBKeyW00WqWdqCAM.jpg"
  },
  "S08E04": {
    "title": "Chcete být kmotrem?",
    "plot": "Lily a Marshall neví, koho vybrat Marvinovi za kmotra.",
    "thumb": "https://image.tmdb.org/t/p/w500/5Qoix1cqaL20jiaG2svzblJRoMp.jpg"
  },
  "S08E05": {
    "title": "Podzim rozchodů",
    "plot": "Ted a Victoria mají problémy ve vztahu, a tak jde Ted pro radu za Marshallem a Lily.",
    "thumb": "https://image.tmdb.org/t/p/w500/yDYOqLrUQGEVBOJTgr9XPJ4vRAX.jpg"
  },
  "S08E06": {
    "title": "Rakvičkárna",
    "plot": "Robin neví, zda se má rozejít s Nickem, a tak se Barney rozhoduje celou situaci vyřešit sám.",
    "thumb": "https://image.tmdb.org/t/p/w500/jmWuloYxM8q9hqYWggeZyTJgOnn.jpg"
  },
  "S08E07": {
    "title": "Dávačka",
    "plot": "Marshall se snaží pomoci starému kamarádovi získat práci u něj ve firmě. Robin se zatím snaží vyjednat Barneyho návrat do striptýzového klubu.",
    "thumb": "https://image.tmdb.org/t/p/w500/xxSwvP45IE2w3SM05sY4cusRLDu.jpg"
  },
  "S08E08": {
    "title": "Dvanáct rozžhavených žen",
    "plot": "Marshall si přizývá svého starého kamaráda/nového nepřítele Brada k největšímu případu své kariéry.",
    "thumb": "https://image.tmdb.org/t/p/w500/f2MAiRIz49Bcu35O8JGhOaJhZ1W.jpg"
  },
  "S08E09": {
    "title": "Zoufalá chuť na humra",
    "plot": "Robin je odhlodaná získat Barneyho zpět stůj, co stůj a Ted zaskakuje jako Marvinova chůva.",
    "thumb": "https://image.tmdb.org/t/p/w500/8WwYAgzdTMD275OYAGzROg3zDDQ.jpg"
  },
  "S08E10": {
    "title": "Překompenzace",
    "plot": "Robin se čím dál víc nezdá vztah Barneyho a Patrice.",
    "thumb": "https://image.tmdb.org/t/p/w500/6PZuBxLpya3HogyIT7tfx0gawVI.jpg"
  },
  "S08E11": {
    "title": "Ultimátní trik, část 1.",
    "plot": "Vánoce jsou za dveřmi a Barney říká Tedovi o svém plánu požádat Patrice o ruku. Ted zvažuje, zda to říct Robin.",
    "thumb": "https://image.tmdb.org/t/p/w500/2G1fzIckta7Zw0g81v1OrIaueWr.jpg"
  },
  "S08E12": {
    "title": "Ultimátní trik, část 2.",
    "plot": "Vánoce jsou za dveřmi a Barney říká Tedovi o svém plánu požádat Patrice o ruku. Ted zvažuje, zda to říct Robin.",
    "thumb": "https://image.tmdb.org/t/p/w500/pob1qldd3exV5ZYqNCKsqMZclAs.jpg"
  },
  "S08E13": {
    "title": "Kapela, nebo DJ?",
    "plot": "Když Robin zjistí, že Barney nepožádal jejího otce o její ruku, trvá na tom, aby to udělal, než jejich zasnoubení oznámí světu.",
    "thumb": "https://image.tmdb.org/t/p/w500/hIdE2vIeiKc9eT7kx8nQLNJUQkx.jpg"
  },
  "S08E14": {
    "title": "Do prstenu!",
    "plot": "Barney prosí Teda, aby dál chodil se svou o mnoho mladší a divočejší přítelkyní, i když s ní Ted nemá vůbec nic společného.",
    "thumb": "https://image.tmdb.org/t/p/w500/zmha30eH7Y5xMTGk1c29R1NDbsq.jpg"
  },
  "S08E15": {
    "title": "P.S. Miluji Tě",
    "plot": "Barney odhaluje Robin jako Robin Sparkles a Lily s Marshallem mají strach, že Tedova nová přítelkyně je stalkerka.",
    "thumb": "https://image.tmdb.org/t/p/w500/fATHbGFC20tjN50jHPz2kz4BThC.jpg"
  },
  "S08E16": {
    "title": "Chování a pochování",
    "plot": "Ted se nechce rozejít se svou nevyrovnanou přítelkyní, zatímco Robin přilne k Marvinovi.",
    "thumb": "https://image.tmdb.org/t/p/w500/jxmQeGu7Xdycpx2TSBicmONoFwm.jpg"
  },
  "S08E17": {
    "title": "Popelník",
    "plot": "Když Tedovi nečekaně zavolá Kapitán, celá banda vzpomíná na jejich poslední zvláštní setkání s ním.",
    "thumb": "https://image.tmdb.org/t/p/w500/og1qvYGa7Kp0sOJiMPhlu7aq8ZS.jpg"
  },
  "S08E18": {
    "title": "Víkend u Barneyho",
    "plot": "Ted a Jeanette se rozchází a Barney se mu snaží pomoct najít holku za pomoci nechvalně známé rukověti, o níž si Robin myslela, že ji dávno zničil.",
    "thumb": "https://image.tmdb.org/t/p/w500/lnWFJpY6ilrt08pvLPPjP4Fyfzt.jpg"
  },
  "S08E19": {
    "title": "Pevnost",
    "plot": "Robin žádá Barneyho, aby prodal svůj mládenecký byt, aby si mohli zařídit nový společný domov, ale Barneymu se to nelíbí, a tak se snaží potenciální kupce odradit.",
    "thumb": "https://image.tmdb.org/t/p/w500/ndvHub6emFfYGY6Z54UHAEnTojC.jpg"
  },
  "S08E20": {
    "title": "Návštěva z budoucnosti",
    "plot": "Ted a Barney z budoucnosti se snaží přemluvit Teda, aby šel na zápas Robotů proti wrestlerům.",
    "thumb": "https://image.tmdb.org/t/p/w500/9cgpUz0qAHbKFtz1Ar4jg3BEgoD.jpg"
  },
  "S08E21": {
    "title": "Neuvěřitelná cesta do Říma",
    "plot": "Kapitán nabízí Lily, aby s ním na rok odjela do Říma a stala se jeho uměleckou poradkyní, avšak ta se obává, že ji Marshall bude nenávidět.",
    "thumb": "https://image.tmdb.org/t/p/w500/GTzGUo3dQzk6qBBmEm5ovhakus.jpg"
  },
  "S08E22": {
    "title": "Rozlučka se svobodou",
    "plot": "Ted, Marshall a Lily se rozhodnou Barneymu uspořádat legendární rozlučku se svobodou a unesou ho na neznámé místo, kde se snaží držet pravidel, která Barney sepsal v návodu na „Bro Micva“.",
    "thumb": "https://image.tmdb.org/t/p/w500/W5tDJQldMzm2w3UMIwf1r7oXCx.jpg"
  },
  "S08E23": {
    "title": "Něco starého",
    "plot": "Robin se zoufale snaží najít „něco starého” na svatbu, co kdysi pohřbila v Central Parku.",
    "thumb": "https://image.tmdb.org/t/p/w500/pdSqkxUQ6ahL2nEHruLkI7cyOpr.jpg"
  },
  "S08E24": {
    "title": "Něco nového",
    "plot": "Banda se chystá vyrazit na svatbu Barneyho a Robin a Ted zve Lily, aby se přišla podívat na dům, který zrovna opravil.",
    "thumb": "https://image.tmdb.org/t/p/w500/9kkzRsBicH5YUrzKBVoVFgIXfOB.jpg"
  },
  "S09E01": {
    "title": "Medailonek",
    "plot": "Po cestě na Long Island, kde chtějí strávit svatební víkend, zjišťují Robin a Barney znepokojivé rodinné tajemství.",
    "thumb": "https://image.tmdb.org/t/p/w500/nXNCja7yIKdTfYDVlbTIfLKUj9o.jpg"
  },
  "S09E02": {
    "title": "Prokletí rodu Stinsonů",
    "plot": "Když se James svěřuje, že se bude rozvádět, dělá si Robin starosti, jak to Barney vezme.",
    "thumb": "https://image.tmdb.org/t/p/w500/rRDs3qV3GVak99v7U0tAWyB45BP.jpg"
  },
  "S09E03": {
    "title": "Poslední chvíle v New Yorku",
    "plot": "Když Lily objeví Tedův seznam věcí, které chce v New Yorku stihnout, než se odstěhuje do Chicaga, začíná být frustrovaná z toho, že je jediná, kdo o jeho plánech ví.",
    "thumb": "https://image.tmdb.org/t/p/w500/teZfRhSeVG7BImKfiEI8rCOjX0p.jpg"
  },
  "S09E04": {
    "title": "Bez Kodexu",
    "plot": "Zatímco se Barney snaží překonat vztek na Teda, který stále chová city k Robin, vkládá se do situace Marshall, aby přes Skype urovnal jejich spor.",
    "thumb": "https://image.tmdb.org/t/p/w500/6w6sb0fIrAUCoZ5nB7kCUSqwylH.jpg"
  },
  "S09E05": {
    "title": "Partička pokeru",
    "plot": "Když si musí Barney vybrat, zda je na straně Robin, nebo své matky, radí mu Lily, jak si nezničit vztah.",
    "thumb": "https://image.tmdb.org/t/p/w500/9BnDgdKUhr4Y7NVO2z0clqtHntC.jpg"
  },
  "S09E06": {
    "title": "Rytířovo prokletí",
    "plot": "Ted má tři adeptky, které by ho mohly doprovodit na svatbu, a on učiní to nejhorší rozhodnutí.",
    "thumb": "https://image.tmdb.org/t/p/w500/kulDDM3X0Xd0B8gha8HiMKDGBLd.jpg"
  },
  "S09E07": {
    "title": "Bez jakýchkoliv otázek",
    "plot": "Daphne posílá Lily nepříjemnou textovku a Marshall prosí bandu, aby mu pomohli se zprávy zbavit.",
    "thumb": "https://image.tmdb.org/t/p/w500/aEeTBPG21IVEuh3uEs2SdGo92QZ.jpg"
  },
  "S09E08": {
    "title": "Maják",
    "plot": "Barney se ocitá uprostřed vyhroceného konfliktu mezi Robin a Lorettou a Marshall s Daphne se musí vypořádat s černým pasažérem na jejich road tripu.",
    "thumb": "https://image.tmdb.org/t/p/w500/lLtOPnaqDL2LiJTXoPwvqbuqook.jpg"
  },
  "S09E09": {
    "title": "Platonickatý",
    "plot": "Ve vzpomínce banda přemýšlí nad budoucností milostného trojúhelníku Teda, Robin a Barneyho. Barney zatím přijímá sérii výzev od Lily a Robin.",
    "thumb": "https://image.tmdb.org/t/p/w500/9pkkva7lbTJLvss5iDNZRMURgI6.jpg"
  },
  "S09E10": {
    "title": "Máma s tátou",
    "plot": "Když Barneyho otec přijíždí do hotelu, Barney přichází s plánem, ze kterého je Robin nervózní.",
    "thumb": "https://image.tmdb.org/t/p/w500/dQw9SzXaFBJJKbxiadILIeIJdE2.jpg"
  },
  "S09E11": {
    "title": "Na dobrou noc",
    "plot": "Během jejich společné cesty napříč zemí se Marshall snaží uspat Marvina a vypráví mu tři rýmované příběhy o svých přátelích.",
    "thumb": "https://image.tmdb.org/t/p/w500/oSNwwXgMLapvrCnzbzgc7oKNBLK.jpg"
  },
  "S09E12": {
    "title": "Nácvik večeře",
    "plot": "Barney se upnul k představě zkušební večeře v laser aréně, což Robin vůbec netěší.",
    "thumb": "https://image.tmdb.org/t/p/w500/lcnLI3Oj4KJaXR5CeRLl4ycs7y9.jpg"
  },
  "S09E13": {
    "title": "Hledá se basák",
    "plot": "Na svatbě potkává banda člověka, který jim pořádně zavaří, a Marshall konečně přijíždí do Farhampton Inn.",
    "thumb": "https://image.tmdb.org/t/p/w500/qzmW1Kiy8SmdcKhfo02y37Svv6x.jpg"
  },
  "S09E14": {
    "title": "Fackodání 3",
    "plot": "Při pokusu o závěrečnou ničící facku Barneymu Marshall vysvětluje, jak ovládl sílu Facky milionu vybuchujících sluncí.",
    "thumb": "https://image.tmdb.org/t/p/w500/rRF1mE8bg68HWN9JTLZdJihAr4m.jpg"
  },
  "S09E15": {
    "title": "Konec pauzy",
    "plot": "Barney to přežene s pitím, čehož využívají Robin s Tedem, aby z něj vytáhli tajemství, která si tak dlouho střežil.",
    "thumb": "https://image.tmdb.org/t/p/w500/jqZ209SVfWOLI5oxRMMpkBAL5xR.jpg"
  },
  "S09E16": {
    "title": "Jak vaše matka poznala mě",
    "plot": "Ve 200. epizodě Matka vypráví, jak poznala Teda a taky, co v posledních osmi letech vlastně dělala.",
    "thumb": "https://image.tmdb.org/t/p/w500/hzJdnf8gQxZEaJ7NrhCjeSvRl0N.jpg"
  },
  "S09E17": {
    "title": "Východ slunce",
    "plot": "Robin a Ted hledají opilého Barneyho o jeho svatebním dni a vzpomínají na minulé vztahy.",
    "thumb": "https://image.tmdb.org/t/p/w500/8BTGbXypCELJjwUs3exFDouLG7h.jpg"
  },
  "S09E18": {
    "title": "Seber se",
    "plot": "Barney má o svatebním ránu tu nejhorší kocovinu, kterou zažil, a banda se snaží přijít na to, jak mu pomoct.",
    "thumb": "https://image.tmdb.org/t/p/w500/fkSQJTRkDHJTC1DVHedDYMpNJp.jpg"
  },
  "S09E19": {
    "title": "Vesuv",
    "plot": "O svatebním ránu se Lily a Robin pohádají a Barney šílí, protože neví, který oblek si vzít na sebe.",
    "thumb": "https://image.tmdb.org/t/p/w500/dVvzNbXe09FPjWcqMpDmYmt0Ko9.jpg"
  },
  "S09E20": {
    "title": "Gerbera",
    "plot": "Marshall žádá Teda a Barneyho, aby mu pomohli zjistit, kam šla Lily, když odešla uprostřed jejich hádky.",
    "thumb": "https://image.tmdb.org/t/p/w500/4taUWfMcjFncHEuO9pPV7O54KlS.jpg"
  },
  "S09E21": {
    "title": "Gary Blauman",
    "plot": "Když se na svatbě objeví Gary Blauman, celá banda šílí, protože si všichni začnou vybavovat svá setkání s ním.",
    "thumb": "https://image.tmdb.org/t/p/w500/vopLVm3aKKg35VwSaZg39gT9628.jpg"
  },
  "S09E22": {
    "title": "U oltáře",
    "plot": "Půl hodiny před obřadem mají Barney a Robin panické ataky.",
    "thumb": "https://image.tmdb.org/t/p/w500/1IvbSgnYWLQKcKkJWJdWaMn2zYQ.jpg"
  },
  "S09E23": {
    "title": "Navždycky, část 1.",
    "plot": "V tomto dvoudílném finále Ted konečně dokončuje vyprávění o tom, jak poznal matku svých dětí.",
    "thumb": "https://image.tmdb.org/t/p/w500/uhDLba4LUnNXSTOn9e4CzDupZAs.jpg"
  },
  "S09E24": {
    "title": "Navždycky, část 2.",
    "plot": "V tomto dvoudílném finále Ted konečně dokončuje vyprávění o tom, jak poznal matku svých dětí.",
    "thumb": "https://image.tmdb.org/t/p/w500/z1uRFp2j8i8FHp4vRsIFp9dc92m.jpg"
  }
}