{
  "S01E01": {
    "title": "1. díl",
    "plot": "Arisu a jeho kamarádi se schovají před policií na veřejném záchodě, ale když vyjdou ven, v ulicích Tokia najednou vůbec nikdo není.",
    "thumb": "https://image.tmdb.org/t/p/w500/758JlWhBQjnvRBKKdxH6nEuuyBr.jpg"
  },
  "S01E02": {
    "title": "2. díl",
    "plot": "Arisu a Karube opouštějí zraněného Čótu a vyráží ven získat víc zkušeností. Dorazí do obrovského bytu, kde je čeká vražedná hra na babu.",
    "thumb": "https://image.tmdb.org/t/p/w500/At7tagPr0drQWBLAW8dUD8zLsXn.jpg"
  },
  "S01E03": {
    "title": "3. díl",
    "plot": "Protože Čótovo a Šibukino vízum brzy vyprší, čtyřčlenná skupinka vstoupí do rozlehlé botanické zahrady v Šindžuku, kde se zúčastní kruté hry „kdo zradí koho“.",
    "thumb": "https://image.tmdb.org/t/p/w500/m3Jrm1fdV10oweHAQbYviCOWilg.jpg"
  },
  "S01E04": {
    "title": "4. díl",
    "plot": "Arisua trápí pocity viny a má chuť všechno vzdát, ale Usagi ho přesvědčí, aby vydržel. Další v pořadí je vytrvalostní hra na podzemní dálnici.",
    "thumb": "https://image.tmdb.org/t/p/w500/rNX5GmJdgVGdp2uBGzPxeVEzXVb.jpg"
  },
  "S01E05": {
    "title": "5. díl",
    "plot": "Arisu s Usagi se dostanou na Pláž, kde je král tohohle „utopického útočiště“ donutí, aby pomohli posbírat všechny hrací karty.",
    "thumb": "https://image.tmdb.org/t/p/w500/fpyXJ8bPwvgJpBe6aFnzrMj01CR.jpg"
  },
  "S01E06": {
    "title": "6. díl",
    "plot": "Čišija zlanaří Arisua a Usagi, aby mu pomohli změnit místní status quo. Křehkou mocenskou rovnováhu na Pláži rozhodí nečekaná událost.",
    "thumb": "https://image.tmdb.org/t/p/w500/9JMqIduUuKncLb7qnh8nlMrmA2K.jpg"
  },
  "S01E07": {
    "title": "7. díl",
    "plot": "Hra se dostává na další úroveň a z bezpečné Pláže se stává dějiště velkolepého honu na čarodějnice, který odstartuje závěrečný boj všech proti všem.",
    "thumb": "https://image.tmdb.org/t/p/w500/9YZHiAop1YrYQVInKMjPcKCS4GL.jpg"
  },
  "S01E08": {
    "title": "8. díl",
    "plot": "Napětí v letovisku dosahuje vrcholu. Konec hry se blíží a ty, co přežijí, teď čeká nejistá budoucnost.",
    "thumb": "https://image.tmdb.org/t/p/w500/cRf1dBhxukElDsvZOHchFLNVZKe.jpg"
  },
  "S02E01": {
    "title": "1. díl",
    "plot": "Arisu, Usagi, Kuina a Čišija už hodinu čekají v Šibuji na začátek další fáze. Evidentně se ale nic neděje.",
    "thumb": "https://image.tmdb.org/t/p/w500/rqxBT8eInaSZ1C0slqWgaS267uk.jpg"
  },
  "S02E02": {
    "title": "2. díl",
    "plot": "Křížový král se ukázal v celé svojí kráse a hra konečně začíná. Arisu s překvapením zjistí, že jim to docela jde.",
    "thumb": "https://image.tmdb.org/t/p/w500/6lkxDlBGRP9bABeiqomLpb7qwI.jpg"
  },
  "S02E03": {
    "title": "3. díl",
    "plot": "Hra za pár minut skončí a týmy už s výsledkem zdánlivě nemůžou nic udělat. Arisu zajde za Kjúmou, aby si s ním potřásl rukou.",
    "thumb": "https://image.tmdb.org/t/p/w500/99APSSW63gJo7ESpUnSN29hcnB4.jpg"
  },
  "S02E04": {
    "title": "4. díl",
    "plot": "Drží se už jen hrstka hráčů a Čišija je jediný, kdo nemá parťáka. A příští kolo může klidně být poslední.",
    "thumb": "https://image.tmdb.org/t/p/w500/p12Y7pDDPo8nUm2LgsD8NXoRgE0.jpg"
  },
  "S02E05": {
    "title": "5. díl",
    "plot": "Aguniho zajímá jediná věc: najít Pikového krále a sprovodit ho ze světa. Přidá se k němu taky Arisu a odhodlaná středoškolačka jménem Akane.",
    "thumb": "https://image.tmdb.org/t/p/w500/sjiOg7Pbj7UPJMBCxF8rKvFlICp.jpg"
  },
  "S02E06": {
    "title": "6. díl",
    "plot": "Usagi bude muset přesvědčit cyniky z týmu Královny, že na jeho plánu něco je. Čišija narazí v budově Nejvyššího soudu na Kárového krále.",
    "thumb": "https://image.tmdb.org/t/p/w500/mtS0G4GptBUmxt3FFZ9rDpK68Wm.jpg"
  },
  "S02E07": {
    "title": "7. díl",
    "plot": "Uprostřed zarostlého plácku v Šibuji vyzve Niragi Arisuho a Čišiju, aby si s ním zahráli hru. Pak ale dorazí Pikový král.",
    "thumb": "https://image.tmdb.org/t/p/w500/4xFYsipgphkWAcfcSVnQ4nbwBlw.jpg"
  },
  "S02E08": {
    "title": "8. díl",
    "plot": "Při poslední hře musí všichni přežít tři kola kroketu. Než se ale stačí trochu rozehrát, pozve je Královna na čaj.",
    "thumb": "https://image.tmdb.org/t/p/w500/sINJKpevnoJUQ4KZMIn1rfEpXq9.jpg"
  },
  "S03E01": {
    "title": "1. díl",
    "plot": "Po návratu do skutečného světa si Arisu s Usagi na Borderland vůbec nepamatují. Narazí pak na profesora Rjúdžiho, který je posedlý prožitky blízké smrti.",
    "thumb": "https://image.tmdb.org/t/p/w500/e26NEflEIWmfZFnxDy2GFDdDb5n.jpg"
  },
  "S03E02": {
    "title": "2. díl",
    "plot": "První hra začne ve svatyni a Arisu s ostatními hráči musí co nejrychleji vyřešit úlohu z matematiky. Snad na tomhle úkolu nepohoří!",
    "thumb": "https://image.tmdb.org/t/p/w500/3rWtc0JetCqmu56S89o64gUcF8Z.jpg"
  },
  "S03E03": {
    "title": "3. díl",
    "plot": "Najevo vyjde Reiin plán a Arisu zariskuje, aby udržel svůj tým při životě. Usagi s Rjúdžim čelí nepřetržité palbě laserů.",
    "thumb": "https://image.tmdb.org/t/p/w500/hVtJnsGUp7ENIkEbQr2OMgs2DQs.jpg"
  },
  "S03E04": {
    "title": "4. díl",
    "plot": "Čas běží proklatě rychle a náraz se blíží. Usagina parta proto musí přeskočit na jiný vlak, jinak špatně skončí. Arisuův tým čeká divoká hra s plechovkou.",
    "thumb": "https://image.tmdb.org/t/p/w500/shvxyTWCnRzS4803Rz7a4vXIoJE.jpg"
  },
  "S03E05": {
    "title": "5. díl",
    "plot": "V simulaci Šibuje budoucnosti jde Arisu ve stopách svého digitálního já. U dojemné scény se ale zarazí a přímo před sebou uvidí skutečnou Usagi.",
    "thumb": "https://image.tmdb.org/t/p/w500/a5c9p9ygBOrn2K1GAgzWH1Ke1NB.jpg"
  },
  "S03E06": {
    "title": "6. díl",
    "plot": "Arisu nahlédne do děsivé budoucnosti a pod tíhou zodpovědnosti za všechny kolem se zhroutí. Podaří se mu i s Usagi a celým týmem dostat k východu?",
    "thumb": "https://image.tmdb.org/t/p/w500/pqFBVKZq4ooy5bDjN2HnLsKbOJt.jpg"
  }
}