{
  "o2e": {
    "0": 5,
    "1": 6,
    "2": 8,
    "3": 3,
    "4": 9,
    "5": 4,
    "6": 2,
    "7": 0,
    "8": 1,
    "9": 7,
    "10": 14,
    "11": 19,
    "12": 16,
    "13": 17,
    "14": 15,
    "15": 18,
    "16": 10,
    "17": 13,
    "18": 12,
    "19": 11,
    "20": 20,
    "21": 28,
    "22": 27,
    "23": 22,
    "24": 21,
    "25": 26,
    "26": 23,
    "27": 24,
    "28": 25,
    "29": 32,
    "30": 38,
    "31": 33,
    "32": 35,
    "33": 37,
    "34": 30,
    "35": 36,
    "36": 31,
    "37": 29,
    "38": 34,
    "39": 43,
    "40": 39,
    "41": 44,
    "42": 47,
    "43": 46,
    "44": 45,
    "45": 41,
    "46": 40,
    "47": 42,
    "48": 57,
    "49": 49,
    "50": 55,
    "51": 54,
    "52": 53,
    "53": 56,
    "54": 50,
    "55": 58,
    "56": 48,
    "57": 51,
    "58": 52,
    "59": 63,
    "60": 62,
    "61": 59,
    "62": 61,
    "63": 60,
    "64": 64,
    "65": 71,
    "66": 68,
    "67": 66,
    "68": 70,
    "69": 65,
    "70": 72,
    "71": 69,
    "72": 67,
    "73": 73,
    "74": 76,
    "75": 77,
    "76": 75,
    "77": 74,
    "78": 78,
    "79": 81,
    "80": 82,
    "81": 85,
    "82": 80,
    "83": 84,
    "84": 86,
    "85": 79,
    "86": 83,
    "87": 87,
    "88": 88,
    "89": 91,
    "90": 89,
    "91": 90,
    "92": 92,
    "93": 96,
    "94": 94,
    "95": 98,
    "96": 95,
    "97": 97,
    "98": 99,
    "99": 93,
    "100": 100,
    "101": 103,
    "102": 105,
    "103": 106,
    "104": 101,
    "105": 104,
    "106": 102,
    "107": 109,
    "108": 110,
    "109": 108,
    "110": 112,
    "111": 111,
    "112": 107,
    "113": 119,
    "114": 113,
    "115": 115,
    "116": 116,
    "117": 117,
    "118": 114,
    "119": 118,
    "120": 125,
    "121": 120,
    "122": 121,
    "123": 122,
    "124": 124,
    "125": 123,
    "126": 130,
    "127": 131,
    "128": 128,
    "129": 126,
    "130": 129,
    "131": 127,
    "132": 134,
    "133": 137,
    "134": 133,
    "135": 138,
    "136": 132,
    "137": 135,
    "138": 136,
    "139": 143,
    "140": 140,
    "141": 142,
    "142": 141,
    "143": 139,
    "144": 148,
    "145": 144,
    "146": 147,
    "147": 149,
    "148": 145,
    "149": 146,
    "150": 150,
    "151": 154,
    "152": 152,
    "153": 151,
    "154": 153,
    "155": 160,
    "156": 158,
    "157": 161,
    "158": 155,
    "159": 156,
    "160": 159,
    "161": 162,
    "162": 157,
    "163": 164,
    "164": 163,
    "165": 167,
    "166": 166,
    "167": 165,
    "168": 168,
    "169": 182,
    "170": 181,
    "171": 174,
    "172": 176,
    "173": 180,
    "174": 175,
    "175": 179,
    "176": 173,
    "177": 178,
    "178": 172,
    "179": 169,
    "180": 177,
    "181": 171,
    "182": 170
  },
  "se2e": {
    "S01E06": 5,
    "S01E07": 6,
    "S01E09": 8,
    "S01E04": 3,
    "S01E10": 9,
    "S01E05": 4,
    "S01E03": 2,
    "S01E01": 0,
    "S01E02": 1,
    "S01E08": 7,
    "S02E05": 14,
    "S02E10": 19,
    "S02E07": 16,
    "S02E08": 17,
    "S02E06": 15,
    "S02E09": 18,
    "S02E01": 10,
    "S02E04": 13,
    "S02E03": 12,
    "S02E02": 11,
    "S03E01": 20,
    "S03E09": 28,
    "S03E08": 27,
    "S03E03": 22,
    "S03E02": 21,
    "S03E07": 26,
    "S03E04": 23,
    "S03E05": 24,
    "S03E06": 25,
    "S04E04": 32,
    "S04E10": 38,
    "S04E05": 33,
    "S04E07": 35,
    "S04E09": 37,
    "S04E02": 30,
    "S04E08": 36,
    "S04E03": 31,
    "S04E01": 29,
    "S04E06": 34,
    "S05E05": 43,
    "S05E01": 39,
    "S05E06": 44,
    "S05E09": 47,
    "S05E08": 46,
    "S05E07": 45,
    "S05E03": 41,
    "S05E02": 40,
    "S05E04": 42,
    "S06E11": 57,
    "S06E02": 49,
    "S06E09": 55,
    "S06E07": 54,
    "S06E06": 53,
    "S06E10": 56,
    "S06E03": 50,
    "S06E08": 58,
    "S06E01": 48,
    "S06E04": 51,
    "S06E05": 52,
    "S07E05": 63,
    "S07E04": 62,
    "S07E01": 59,
    "S07E03": 61,
    "S07E02": 60,
    "S07E06": 64,
    "S08E07": 71,
    "S08E04": 68,
    "S08E02": 66,
    "S08E06": 70,
    "S08E01": 65,
    "S08E08": 72,
    "S08E05": 69,
    "S08E03": 67,
    "S09E01": 73,
    "S09E04": 76,
    "S09E05": 77,
    "S09E03": 75,
    "S09E02": 74,
    "S10E01": 78,
    "S10E04": 81,
    "S10E05": 82,
    "S10E08": 85,
    "S10E03": 80,
    "S10E07": 84,
    "S10E09": 86,
    "S10E02": 79,
    "S10E06": 83,
    "S11E01": 87,
    "S11E02": 88,
    "S11E05": 91,
    "S11E03": 89,
    "S11E04": 90,
    "S11E06": 92,
    "S12E04": 96,
    "S12E02": 94,
    "S12E06": 98,
    "S12E03": 95,
    "S12E05": 97,
    "S12E07": 99,
    "S12E01": 93,
    "S13E01": 100,
    "S13E04": 103,
    "S13E06": 105,
    "S13E07": 106,
    "S13E02": 101,
    "S13E05": 104,
    "S13E03": 102,
    "S14E03": 109,
    "S14E04": 110,
    "S14E02": 108,
    "S14E06": 112,
    "S14E05": 111,
    "S14E01": 107,
    "S15E07": 119,
    "S15E01": 113,
    "S15E03": 115,
    "S15E04": 116,
    "S15E05": 117,
    "S15E02": 114,
    "S15E06": 118,
    "S16E06": 125,
    "S16E01": 120,
    "S16E02": 121,
    "S16E03": 122,
    "S16E05": 124,
    "S16E04": 123,
    "S17E05": 130,
    "S17E06": 131,
    "S17E03": 128,
    "S17E01": 126,
    "S17E04": 129,
    "S17E02": 127,
    "S18E03": 134,
    "S18E06": 137,
    "S18E02": 133,
    "S18E07": 138,
    "S18E01": 132,
    "S18E04": 135,
    "S18E05": 136,
    "S19E05": 143,
    "S19E02": 140,
    "S19E04": 142,
    "S19E03": 141,
    "S19E01": 139,
    "S20E05": 148,
    "S20E01": 144,
    "S20E04": 147,
    "S20E06": 149,
    "S20E02": 145,
    "S20E03": 146,
    "S21E01": 150,
    "S21E05": 154,
    "S21E03": 152,
    "S21E02": 151,
    "S21E04": 153,
    "S22E06": 160,
    "S22E04": 158,
    "S22E07": 161,
    "S22E01": 155,
    "S22E02": 156,
    "S22E05": 159,
    "S22E08": 162,
    "S22E03": 157,
    "S00E34": 164,
    "S00E46": 163,
    "S00E47": 167,
    "S00E52": 165,
    "S00E65": 181,
    "S00E26": 174,
    "S00E40": 176,
    "S00E35": 175,
    "S00E57": 179,
    "S00E23": 173,
    "S00E17": 172,
    "S00E09": 169,
    "S00E48": 177,
    "S00E14": 171,
    "S00E12": 170
  }
}