{
  "S01E01": {
    "title": "Stig vs. rychlostní radar",
    "plot": "„Tohle je pořad o autech. Nebude se tu vyšívat, a už vůbec se tu nebude štrikovat. Nikdo tu na konci série nebude zpívat a taky tu nikoho na závěr nečeká nahrávací smlouva.“ Jeremy si vyzkouší nové italské super auto Pagani Zonda. Stig testuje, zda je pravda, že pokud projedete dostatečně rychle kolem policejního radaru, kamera vás nestihne vyfotit. Zjistíme také, jak je možné, že lze autu natankovat rostlinný olej a ono funguje...",
    "thumb": "https://image.tmdb.org/t/p/w500/dwfkCHstoa8gprWTBzK2Ljgq3sP.jpg"
  },
  "S01E02": {
    "title": "Souboj hatchbacků",
    "plot": "Tým se rozhodne srovnat tři rivaly, hatchbacky. Ford Focus RS, Hondu Civic Typ R a Subaru Forester. Všechny vozy vyzkouší Stig přímo na testovací trati. Jeremy je celý pryč z nového Noble M12 GTO. Jason se zaměří na nákup ojetého BMW M3. Frontman Jamiroquai Jay Kay je hostem tohoto dílu a projede se v testovacím voze s cílem zajet co nejlepší čas...",
    "thumb": "https://image.tmdb.org/t/p/w500/xLglveOroNHCXOaOwnnZLbTyP0i.jpg"
  },
  "S01E03": {
    "title": "Babiččiny donuty",
    "plot": "Tým diskutuje o tom, jaké je nejlépe vypadající auto všech dob a vše konzultují s jedněmi z nejlepších současných designérů. Několik postarších dam také vyzvou, aby se pokusili v Hondě S2000 vyrobit donuty. Nový nepraktický módní Mini ve srovnání s praktickou, ale podivnou, Toyotou Yaris Verso. Na trati se utkají XTR2 s Pagani Zonda a hostem pořadu je tentokrát herec Ross Kemp...",
    "thumb": "https://image.tmdb.org/t/p/w500/x7q3i4smRPrPme5abWpcE3LqUD0.jpg"
  },
  "S01E04": {
    "title": "Bond Cars",
    "plot": "Na oslavu premiéry nové Bondovky \"Dnes neumírej\", se tým rozhodne porovnat dvě klasická auta tohoto britského agenta. Jsou jimi Aston Martin Vanquish a Ferrari 575M a s testováním má pomoci pilot formule 1, Damon Hill. Stig pak vezme oba vozy na testovací trať. Auto za rozumnou cenu tentokrát řídí Steve Coogan.",
    "thumb": "https://image.tmdb.org/t/p/w500/k6EvCCnyXQLTpD5McnkJiaIaybD.jpg"
  },
  "S01E05": {
    "title": "Levné auto pro Jamese Bonda",
    "plot": "Richard promění Rover 820 s rozpočtem pouhých 300 Liber na auto Jamese Bonda včetně různých vychytávek. Pak cestuje do Německa, aby si vyzkoušel nový Mercedes Maybach 62 v ceně 280 000 Liber, přičemž si Jeremy hodlá vyzkoušet mnohem levnější Mercedes-Benz třídy S. Stig po trati prožene Bentley Arnage a Jonathan Ross jako host zkusí zajet co nejlepší čas s cenově dostupným vozem...",
    "thumb": "https://image.tmdb.org/t/p/w500/t6flqJXJVwpKJB8NpCNYxI0HHR5.jpg"
  },
  "S01E06": {
    "title": "Babičky parkují přes ručku",
    "plot": "Babičky jsou zpět a tentokrát to nebudou mít vůbec snadné. Parkování s pomocí ruční brzdy dá zabrat i velmi zkušeným řidičům. Richard si otestuje BMW Z4, Jeremy není nadšený z náročné jízdy v Renaultu Vel Satis a Tara Palmer-Tomkinson ukáže naší sestavě, že i ženy dokáží zajet vynikající čas na závodní trati...",
    "thumb": "https://image.tmdb.org/t/p/w500/y8UpvDlafk3XU3hCXAxRW6JkfDQ.jpg"
  },
  "S01E07": {
    "title": "Nejrychlejší náboženství v Británii",
    "plot": "Tým si hodlá posvítit na vozy, které mají být šetrné k životnímu prostředí a Richard si otestuje Saab 9-3. Ve snaze najít nejrychlejší náboženství v Británii se utká na trati ve voze Subaru Impreza WRX STI šest lidí s různým vyznáním. Za volant vozu za rozumnou cenu usedne Rick Parfitt a jeho cílem je samozřejmě zajetí co nejlepšího času.",
    "thumb": "https://image.tmdb.org/t/p/w500/h8TmRW80jvmunIeQcMICk7msYax.jpg"
  },
  "S01E08": {
    "title": "Lada Riva pod křídly Lotusu",
    "plot": "Jeremy testuje Maserati 3200GT, které si pak Stig vyzkouší na testovací trati. Richard se snaží najít nejlepší mini auto a během hledání vyzkouší Ford Fiesta, Citroën C3, Hondu Jazz, Nissan Micra a MG ZR. Tým se rozhodne vyzvat Lotus, aby přeměnili Ladu Rivu v okruhový automobil. No a hostem, který vyzkouší na trati auto za rozumnou cenu je tentokrát Michael Gambon.",
    "thumb": "https://image.tmdb.org/t/p/w500/qImXRk46Trvz40QZKyMZFQjCKxs.jpg"
  },
  "S01E09": {
    "title": "Nejlepší rodinné auto",
    "plot": "Tým se rozhodne porovnat Renault Espace, Volvo XC90 Estate, Subaru Forester 2.0 XT, Volkswagen Golf R32, Ford Focus RS, Honda Civic Type R a SEAT Leon Cupra R a snaží se určit, který z vozů je nejlepší rodinné auto. Během řízení Radicalu SR3 bude Stigovým soupeřem akrobatické letadlo CAP 232. Hvězdným hostem za volantem vozu za rozumnou cenu je tentokrát známý kuchař Gordon Ramsay. Jeho úkolem je také ochutnávka jídla, které bylo uvařeno na motoru automobilu.",
    "thumb": "https://image.tmdb.org/t/p/w500/twGr2ZMa3ZLcKG5NEHwz5RH1kVG.jpg"
  },
  "S01E10": {
    "title": "Nejrychlejší náboženství",
    "plot": "Tým tentokrát srovnává následující vozy s cílem vybrat nejlepší offroadové auto. Mezi testovanými modely jsou Toyota LandCruiser, BMW X5, Jeep Grand Cherokee a Range Rover. Jeremy se snaží přijít na to, zda Lotus Esprit za 25 let od svého zrození zestárnul. Je vyhlášen nejrychlejší host, který v tomto ročníku usedl za volant auta za rozumnou cenu. Jak se tým ohlíží za motoristickým rokem, je vyhlášeno ještě několik dalších cen. Pokračuje hledání nejrychlejšího náboženství a tak nezbývá nic jiného, než poslat další 4 zástupce různých vír na trať se Subaru Impreza WRX STI...",
    "thumb": "https://image.tmdb.org/t/p/w500/9hOWKt7nXkfhdFZxcW8l98BxbrX.jpg"
  },
  "S02E01": {
    "title": "1. epizoda",
    "plot": "REVIEWS: Smart Roadster • Volkswagen Beetle Cabriolet • Bowler Wildcat • Bentley T2\n\nCHALLENGE: Drag racer jet engine incinerates Nissan Sunny\n\nIn the seemingly never-ending quest to destroy as many caravans as possible, Richard uses a drag racer to rid the roads of Britain of yet another one. A Nissan Sunny - the car Richard hates more than any other is also destroyed in the same manner. James May makes his first appearance on 'new' top Gear: he shows us his Bentley T2 and tells us why it’s a nightmare to own. Richard Drives the Bowler Wildcat and declares himself: “a driving god!” The Smart Roadster and the McLaren F1 are also featured.Vinnie Jones in the Star in a Reasonably Priced Car",
    "thumb": "https://image.tmdb.org/t/p/w500/3rHPNIaWHjsTzz3mosYOwYytbEa.jpg"
  },
  "S02E02": {
    "title": "2. epizoda",
    "plot": "REVIEWS: Rolls-Royce Phantom • Rover P5 • BMW M3 • Audi S4\n\nCHALLENGE: Fastest political party\n\nJeremy drives the new Rolls Royce and there’s a nostalgic look at the Rover P5, including one owned by the Queen. Jamie Oliver tries his luck in the Liana as the Star in a Reasonably Priced Car, he also tries to prepare a salad in his camper van, whilst being driven around the track by the Stig. On the track, politicians representing the main political parties, as well as some less well-established parties try to become the fastest political party.",
    "thumb": "https://image.tmdb.org/t/p/w500/vrgNZRHNcx8zbLNqfw8pgb2xoWb.jpg"
  },
  "S02E03": {
    "title": "3. epizoda",
    "plot": "REVIEWS: Volkswagen Touareg • Lexus SC430 • Hyundai Coupe • BMW Z8 • Perodua Kelisa\n\nCHALLENGE: Country with fastest supercar\n\nDavid Soul was the Star in a Reasonably Priced Car and tried to break as many Liana’s as possible. He managed an impressive tally of two. Richard drives the Lexus SC430 and Jeremy drives the Volkswagen Touareg and wonders if it is really worth £50,000. A Jaguar XJS gets a little power boost from a nitros kit and James drives the Perodua Kelisa. Jeremy drives the BMW Z8 Alpina, a car that suffers because Ronan Keating owns one.",
    "thumb": "https://image.tmdb.org/t/p/w500/pJywBSuI0Da6IMd0Zt1LAPoV9ul.jpg"
  },
  "S02E04": {
    "title": "4. epizoda",
    "plot": "REVIEWS: Jaguar R Coupe • Jaguar XKR-R • Aston Martin DB7 GT\n\nCHALLENGE: How far can you drive until you become bored in a Mark 3 Jaguar XJR\n\nA look at the iconic Jaguar MKII, the first car ever to have disc brakes and a badge on the back to warn drivers that it stopped quickly. There's a look at possible Jaguars of the future with the R Coupe concept car, whilst James drives the C Type Jaguar. Jeremy drives the Aston Martin DB7 GT and the Jaguar XKRR.A.A. Gill champions the London taxi as the greatest car of all time and bumbling Boris Johnson is the Star in a Reasonably Priced Car.",
    "thumb": "https://image.tmdb.org/t/p/w500/cji5crjCYkXRTZqXTwhVxKjS8Sn.jpg"
  },
  "S02E05": {
    "title": "5. epizoda",
    "plot": "REVIEWS: Porsche 911 Turbo • Ford Street Ka •James May on TR6 • Renault Clio V6\n\nCHALLENGE: Rally pit crew vs. women getting ready for a night out\n\nIn an episode dedicated to \"blokeishness\", James drives a Triumph TR6 - a ‘man’s convertible’, the Porsche 911 C4S is compared to the 911 turbo version and Jeremy tries the Renault Clio V6 - the “ultimate bloke hatchback”. Richard meets Richard Lynne, who has a car in his kitchen. Also, can the Ford rally team mechanics change the suspension, gearbox, brakes, differential, driveshaft and clutch of a rally car, more quickly than four women can get ready for a night out? The Land Rover is Richard's choice as the greatest car of all time and Anne Robinson shows off her brand new head as the Star in a Reasonably Priced Car.",
    "thumb": "https://image.tmdb.org/t/p/w500/w1h3ATBPM7wudwkXuDrMIsBJCep.jpg"
  },
  "S02E06": {
    "title": "6. epizoda",
    "plot": "REVIEWS: Subaru Impreza • Mitsubishi Evo VIII • Vauxhall VX220 Turbo • Peugeot 206 GTI\n\nCHALLENGE: Land speed record for caravan towing\n\nThe Mitsubishi Evo VIII and the Subaru Impreza WRX STi Type UK are compared, but which will Jeremy prefer? James is given the task of setting a new land speed record for a car towing a caravan. The Peugeot 206GTi and the Vauxhall VX 220 turbo are tested and Pink Floyd drummer, Nick Mason, states his case for the greatest car of all time. Richard drives the Palmer Jaguar at a track day and Richard Whiteley is the Star in a Reasonably Priced Car.",
    "thumb": "https://image.tmdb.org/t/p/w500/vIdy6VUOKLKlS6RW4oJBZdydzVw.jpg"
  },
  "S02E07": {
    "title": "7. epizoda",
    "plot": "REVIEWS: Koenigsegg CC8S • Renault Megane • Hummer H1 • Hummer H2\n\nCHALLENGE: Crash testing the Megane with a real driver\n\nThe 655bhp Koenigsegg records the fastest straight-line speed on the Top Gear track, but can it set the fastest lap time? A Renault Mégane is crash-tested and there’s the first look at the new Aston Martin V8 Vantage. While Jeremy drives the Hummer H2, Richard drives the Talon Riot Control Vehicle… through a Portacabin. Stuart Hall extols the virtues of the Rolls Royce Silver Cloud and Neil Morrissey is this week's Star in a Reasonably Priced Car.",
    "thumb": "https://image.tmdb.org/t/p/w500/ryKzehVC7aqMSeT1QanIaRbTU4x.jpg"
  },
  "S02E08": {
    "title": "8. epizoda",
    "plot": "REVIEWS: Nissan 350Z • Alfa Romeo 147 GTA • Citroën C3 Pluriel •Mercedes CLK500 • Audi A4 • Daihatsu Copen\n\nCHALLENGE: The Race for the Universe\n\nJames and Richard go camping with a selection of cabriolets to see which is the best. Naturally they choose the wettest place in Britain, Buttermere in Cumbria. Jeremy drives the Alpha Romeo 147 GTA and the Nissan 350Z and a Klingon, a Darlek, a Cyberman, Ming the Merciless and Darth Vader race each other around the track in a souped-up Honda Civic. Jodie Kidd shows the men how to drive the Liana - properly.",
    "thumb": "https://image.tmdb.org/t/p/w500/k0tkRzaccwy4PvRg2noNB1t5D3B.jpg"
  },
  "S02E09": {
    "title": "9. epizoda",
    "plot": "REVIEWS: Vandenbrink Carver • Volvo S60 R • GM HyWire • Vauxhall Signum\n\nJames drives the Hy-Wire, a hydrogen-powered concept car and Jeremy tries the new Volvo S60 R - claimed by Volvo to be a rival for the BMW M3. He also drives the new Vauxhall Signum, from the back seat using a hoe and string. Richard drives/rides the Carver, a three-wheeled tilting bike from Holland. Graeme Le Saux argues the case for the Audi Quattro as the greatest car of all time and Patrick Stewart is the Star in a Reasonably Priced Car.",
    "thumb": "https://image.tmdb.org/t/p/w500/eDDHO2Mfb9WSF9x9JQrr9795mqo.jpg"
  },
  "S02E10": {
    "title": "10. epizoda",
    "plot": "REVIEWS: TVR T350C • Overfinch Range Rover • Cadillac Sixteen • Volkswagen Phaeton\n\nCHALLENGE: Land Rover reliability challenge\n\nThe Volkswagen Phaeton is tested; a car designed to compete with Mercedes and BMW. Richard drives the TVR T350c... alongside a Harrier Jump Jet. The Stig takes the TVR and the Noble around the track to see which is the faster car, after Richard and Jeremy can't separate them using the ancient art of Top Trumps. James drives the enormous Cadillac Sixteen prototype; Jeremy drives the Range Rover 580s which has been tuned by Overfinch, and Britain's fastest disabled driver. Alan Davies is the Star in a Reasonably Priced Car.",
    "thumb": "https://image.tmdb.org/t/p/w500/mtoWD9ndyVkK4WCTvau4OlEbfzq.jpg"
  },
  "S03E01": {
    "title": "Zabití starého Stiga",
    "plot": "Může být dieselové VW Lupo lepší než benzínové? Jeremy se projede novým GT40 Detroitem, James vyzkouší poslední generaci BMW série 5 a Richard nasedne do nového Porsche GT3. Tým nechá skočit Stiga z letadlové lodi. Do cenově dostupného nasedne Martin Kemp.",
    "thumb": "https://image.tmdb.org/t/p/w500/8fXgQBEJXANPrOTDSNgHqAp0MWe.jpg"
  },
  "S03E02": {
    "title": "Nový Stig",
    "plot": "Dokáže Volvo 240 přeskočit 4 karavany? Tým vezme různé modely BMW na Isle of Man. Zaroveň tam proběhne srovnání tří kabrioletů - BMW Z4, Porsche Boxster a Honda S2000. Představení nového Stiga a do cenově dostupného auta sedne Stephen Fry.",
    "thumb": "https://image.tmdb.org/t/p/w500/b8SRESztMQYDVpr9Uez2XaOYZuI.jpg"
  },
  "S03E03": {
    "title": "Hammond téměř utopen",
    "plot": "Tým se v návaznosti na reklamy SAABu rozhodne srovnat Saab 9-5 proti stíhačce. Jeremy řídí Bentley Continental GT a James nové Subaru Legacy. Richard vyzkouší, jaký je nejlepší způsob úniku z potápějícího se auta. V autě za rozumnou cenu se projede Rob Brydon.",
    "thumb": "https://image.tmdb.org/t/p/w500/88GrchPsw23VOy6TYT05heQjicI.jpg"
  },
  "S03E04": {
    "title": "Lamba",
    "plot": "Tým projede Lamborghini z různých dob - Richard projede původní Lamborghini Miura, James řídí Countach a Jeremy Gallardo. Richard srovnává Mini od tří různých tuningových firem. V autě za rozumnou cenu pojede Rich Hall.",
    "thumb": "https://image.tmdb.org/t/p/w500/x2MXAPgHeoGkYG2AsKMP41lL26a.jpg"
  },
  "S03E05": {
    "title": "Nesmrtelný Hilux",
    "plot": "Je Toyota Hilux skutečně nezničitelná? Jeremy se to rozhodne zjistit, a podrobí jednu několika destruktivním zkouškám. Jeremy řídí Mazdu RX8 a James nový Fiat Panda. Richard zjišťuje, která auta by se mohla stát moderní klasikou (VW Corrado, Mercedes 190E). Do auta za rozumnou cenu nasedne Simon Cowell.",
    "thumb": "https://image.tmdb.org/t/p/w500/ao9T7IKk8ocnQ9jwSNpx1s58El9.jpg"
  },
  "S03E06": {
    "title": "Stále nesmrtelný Hilux",
    "plot": "Pokračování pokusů o zničení nezničitelného auta. Jeremy řídí Citroën C2 a Vauxhall Monaro. Richard řídí dva nové kabriolety - Renault Mégane CC aPeugeot 307 CC. V autě za rozumnou cenu se objeví Sanjeev Bhaskar.",
    "thumb": "https://image.tmdb.org/t/p/w500/asMvwax0rb9fszCMUNfRC2TmDa5.jpg"
  },
  "S03E07": {
    "title": "Který profesor umí nejlepší burnout",
    "plot": "Tým zjistí, z jakého oboru umí vzdělanci nejlepší burn-outy. Jaké je nejlepší britské auto? Richard řídí Merceder McLaren SLR, Jeremy Porsche Cayenne a MG XPower SV. V autě za rozumnou cenu se objeví Rory Bremner.",
    "thumb": "https://image.tmdb.org/t/p/w500/11cvrJ0wRU5mAaaUUGIqUrCzXXW.jpg"
  },
  "S03E08": {
    "title": "Souboj generací",
    "plot": "Top Gear srovnává různé generace aut. Richard zkoumá nový Nissan Micra, James usedne do klasického Astonu Martin Lagonda. V pořadu se objeví i nový Aston Martin DB9. Do auta za rozumnou cenu usedne Johnny Vegas.",
    "thumb": "https://image.tmdb.org/t/p/w500/acgRl7vZLtodUi1f0xoA2V66PmM.jpg"
  },
  "S03E09": {
    "title": "Nezbývají žádné peníze",
    "plot": "Jeremy řídí Chrysler Crossfire, Richard řídí Smart upravený Brabusem a Hondu Civic Type R. Dále se objeví Honda NSX. James řídí Jaguar XJ6 okolo Birminghamu. V autě za rozumnou cenu Carol Vorderman.",
    "thumb": "https://image.tmdb.org/t/p/w500/9s70oQkcRR4ARrIcppWhAMYr4cl.jpg"
  },
  "S04E01": {
    "title": "1. epizoda",
    "plot": "The race to Monte Carlo is on, with Jeremy in the new Aston Martin DB9, and Richard and James travelling by high speed train. James goes undercover to drive a Rover CityRover and the Star in a Reasonably Priced Car returns with actress Fay Ripley behind the wheel.",
    "thumb": "https://image.tmdb.org/t/p/w500/7zQx5ZB3dxiviuCFShTXdGonsk5.jpg"
  },
  "S04E02": {
    "title": "2. epizoda",
    "plot": "Jeremy Clarkson reports on the SLR -- a supercar collaboration between Mercedes-Benz and McLaren, Richard Hammond reviews the Cadillac Escalade, Paul McKenna is the Star in a Reasonably Priced Car, and a nun drives a monster truck.",
    "thumb": "https://image.tmdb.org/t/p/w500/3wofLgwAtTMuyYRLbQ6N3jL9aZT.jpg"
  },
  "S04E03": {
    "title": "3. epizoda",
    "plot": "The latest round of motoring news sees Jeremy reporting on the Porsche GT3 RS and Ferrari 360 Challenge Stradale, and Richard searching for a Dodge Charger. The presenters try to find a road legal car for less than £100, and Jordan is the Star in a Reasonably Priced Car.",
    "thumb": "https://image.tmdb.org/t/p/w500/aQcJ5xxkIG40QR0Oe2qfIZK0szx.jpg"
  },
  "S04E04": {
    "title": "4. epizoda",
    "plot": "REVIEWS: Porsche Carrera GT • Audi A8 TDi V8 • Ford SportKa\n\nCHALLENGE: May and Hammond play 'car darts' • V8 Diesel Audi A8 endurance challenge • Ford SportKa vs. racing pigeons race • Evo vs. STi battle revised\n\nIn this episode, there's a race between some homing pigeons and a Ford Ka driven by, James. James used satellite navigation and ended up getting lost. Jeremy attempted to drive a diesel-powered Audi A8 Quattro with a V8 engine 800 miles on one tank of fuel. James and Richard played darts with cars and one more caravan was removed from the roads. Also in this episode, the boys pit a Subaru Impreza STi RS against a Mitsubishi Lancer Evo VIII.\n\nRonnie O'Sullivan is the Star in a Reasonably Priced Car.",
    "thumb": "https://image.tmdb.org/t/p/w500/9NQhCFspvtr6SV1SASkuQXhkx6r.jpg"
  },
  "S04E05": {
    "title": "5. epizoda",
    "plot": "REVIEWS: MG ZT 260 • BMW 645Ci • Jaguar XK-R • Porsche 911 Carrera 2 • Vauxhall Astra • Mazda 3 • Volkswagen Golf\n\nCHALLENGE: Shoot Out: Performance sport coupes on the Pendine Sands • Volkswagen Golf gets electrocuted (with Hammond in it)\n\nThe boys then take three power machines to Pendine Sands in South Wales: the BMW 645i, the Porsche 911 Carrera 2 and the Jaguar XKR. Also featured, the Vauxhall Astra, the Mazda 3, the Volkswagen Golf and the MG ZT260 are tested and there was an attempt to electrocute Richard.\n\nJohnny Vaughan is the (utterly faded) Star in a Reasonably Priced Car.",
    "thumb": "https://image.tmdb.org/t/p/w500/5ARAtsWK1VLWHkUDn3ASyya77hq.jpg"
  },
  "S04E06": {
    "title": "6. epizoda",
    "plot": "REVIEWS: Renault Clio RenaultSport • Jaguar XJS • Cadillac CTS • Nissan Cube\n\nCHALLENGE: Can you run a car on poo? Hammond investigates\n\nJames drives the Jaguar XJS, Richard drives the Cadillac CTS and finds out if methane is a future replacement for petrol. Jeremy drives the Nissan Cube and the Renault Clio.  Terry Wogan is the Star in a Reasonably Priced Car.",
    "thumb": "https://image.tmdb.org/t/p/w500/moR0Wu2F3Iu1ARD8y8pv4Wqc86p.jpg"
  },
  "S04E07": {
    "title": "7. epizoda",
    "plot": "REVIEWS: Spyker C8 Spyder • • Renault Scenic • Ford C-MAX\n\nCHALLENGE: Hammond and May road test mini MPVs as minicabers\n\nJames and Richard took to the streets of south London to give two tall hatchbacks a good thrashing by using them as taxis. Jeremy drove a new Mercedes with 'more power than God' and the Spyker C8, a car from of all places, Holland.\n\nLionel Richie is the Star in a reasonably Priced Car.",
    "thumb": "https://image.tmdb.org/t/p/w500/zNUWyQ97HRIFR6qwfIqg1RProQz.jpg"
  },
  "S04E08": {
    "title": "8. epizoda",
    "plot": "REVIEWS: Ford GT • Toyota Prius • Maserati Quattroporte\n\nCHALLENGE: Diesel versus Petrol hot hatch race • Blowing over cars using Boeing 747 jetblast\n\nJames drives the Maserati Quattroporte in Sicily, whilst Jeremy empties the fuel tank of the new Ford GT40 on the track... in Woking. Richard marks the passing of the only decent engine Rover ever built - the Rover V8, with a race at Snetterton in a V8-powered Rover SD1.A Skoda Fabia VRS with a diesel engine, races a petrol-powered Mini Cooper S around the track; there's a exclusive look at the new Mercedes CLS and a Boeing 747 is used to see how far its engines can blow a Mondeo and a Citroën 2CV. Science in action...Martin Clunes is the Star in a Reasonably Priced Car.",
    "thumb": "https://image.tmdb.org/t/p/w500/gOEdn1MFHYMt1zMpx56sWQzxq5k.jpg"
  },
  "S04E09": {
    "title": "9. epizoda",
    "plot": "REVIEWS: Fiat Barchetta • Mercedes-Benz SL600 • Mazda MX-5 • Toyota MR2 • Jaguar X-Type Estate\n\nCHALLENGE: May and Hammond search for the best convertible for a town with the least owned • Can you parachute into a moving car?\n\nJames finds out if it is possible to parachute into a moving car. Jeremy drives the new Jaguar X Type estate and on the Isle of Lewis and Harris - the place in the U.K. with the lowest number of cabriolet owners per-head - Richard and James test a range of cabriolets: the Mini Cabrio, Vauxhall Tigra, Mercedes SLK and the Audi S4.\n\nSome \"simple, softop sports cars\" are also driven by Richard: the Mercedes SL600, Mazda MX5 and the Fiat Barchetta.",
    "thumb": "https://image.tmdb.org/t/p/w500/8aiBAKA5aA02axTLLNvqIRmy862.jpg"
  },
  "S04E10": {
    "title": "10. epizoda",
    "plot": "REVIEWS: Peugeot 407 • Volvo V50 • BMW X3 • Chevrolet Corvette C6\n\nCHALLENGE: Hammond drives the Peugeot 407 as a pace car • Car Olympics: long jump\n\nJeremy tests the new BMW X3 and discovers its limitations as an off-road and on-road vehicle. James tries the new Volvo V50 and wonders if it's as good as its rivals, while Richard having clearly drawn the short straw, drives the new Corvette.",
    "thumb": "https://image.tmdb.org/t/p/w500/lOboVCbxgOSdAl21lCpOrQ808U7.jpg"
  },
  "S05E01": {
    "title": "Koloniální invaze na pláži",
    "plot": "Auta z britských \"koloniií\": Vauxhall Monaro VXR z Austrálie a Chrysler 300C ze Spojených států amerických vyzvou Jaguar S Type R na pláži v Pendine Sands v jižním Walesu. Na trati Top Gearu se Jeremy snaží zjistit rozdíl mezi Porsche 911 Carrera a novým Porsche 911 Carrera S. To je ale pro Jeremyho ten nejmenší problém, protože v předchozí sérii řekl po pohledu na prototyp Astry, že pokud bude auto vypadat skutečně takto, sní své vlastní vlasy. Jelikož hostem ve studiu je kuchař Antony Worrall Thompson, Jeremyho vyhlídky nejsou dobré. Hvězdou v autě za rozumnou cenu je komik, hudebník a herec Bill Bailey.",
    "thumb": "https://image.tmdb.org/t/p/w500/f9rEYmTxFTl9FZtnMo4eIvYXQWg.jpg"
  },
  "S05E02": {
    "title": "Ferrari Enzo a exotická auta minulá i současná",
    "plot": "Richard testuje nový Ford Focus a porovnává ho s jeho rivaly. Bubeník Pink Floyd Nick Mason půjčí Jeremymu své nové Ferrari F60 Enzo výměnou za nenápadnou zmínku o své nové knize. Nevrlý teenager na terénním skateboardu si jen tak zazávodí s rallye autem Mitsubishi Evo 7 a Bowlerem Wildcat. Jeremy porovná exotická auta z 80. let s jejich moderními protějšky aby zjistil, zda jsou současná auta opravdu lepší. Moderní exotiky jsou Pagani Zonda, Porsche Carrera GT a Ferrari Enzo, jejich předci jsou v tomto srovnání Jaguar XJ220, McLaren F1 a Ferrari F40. Hvězdou v autě za rozumnou cenu je Geri Halliwell.",
    "thumb": "https://image.tmdb.org/t/p/w500/rwflMTAf2IvZ6Wqz2loscs7AO1l.jpg"
  },
  "S05E03": {
    "title": "Dodge Viper",
    "plot": "Jeremy zdolá s novým Land Roverem Discovery skotskou horu Mount Cnoc an Fhreiceadain (celých 307 metrů nad mořem) a poradí nám některé tipy na přežití: vezměte si polévku a také plechovku limonády. Richard cestuje do Švýcarska, aby našel nejšílenější auto na světě - obojživelný vůz, který je zároveň křídlovým člunem, vyrobený společností Rinspeed. Jeremy Clarkson projede Dodge Viper SRT-10, který se umí sám zapálit. Kvalitní výrobek. Hvězdou v autě za rozumnou cenu je Joanna Lumley.",
    "thumb": "https://image.tmdb.org/t/p/w500/y29Pu4moczWgqacuUHvfsQCXgRv.jpg"
  },
  "S05E04": {
    "title": "Karavanové kaštany",
    "plot": "Richard ve Švýcarsku řídil nové Pagani Zonda Roadster, jedno z pouze 40 kusů, které budou vyrobeny. Porovnal ho s Wally 118, jachtou za 14 milionů liber, která je vyrobena z lehkých materiálů jako je například karbon. James si s Richardem zahraje hru Karavanové kaštany, také spolu stráví 24 hodin uvnitř Smartu a to proto, že výrobci popsali interiér tohoto vozu jako \"koncept salónku\".  Aniž by mohli opustit auto, museli se spolehnout na pomoc kolemjdoucích, kteří jim donesli čaj nebo noviny. Na noc zaparkovali ve Kvílícím lese v Pluckley, nejstrašidelnější vesnici v Anglii. Jeremy se projede v novém Aston Martin Vanquish S a Ferrari 575 bude řídit Steve Coogan. Hvězdou v autě za rozumnou cenu je komik Jimmy Carr.",
    "thumb": "https://image.tmdb.org/t/p/w500/ujcBSofqBVJMEfRXxn8nqdKCcE1.jpg"
  },
  "S05E05": {
    "title": "Naftový Jaguar S-Type na Nürburgringu",
    "plot": "Richard se projede v Morganu Aero 8GTN, zatímco James a Jeremy se mu vysmívají. James s Richardem vzdají hold londýnskému patrovému Routemaster autobusu, Richard zkusí štěstí se šampionátem historických velkoprostorových aut a Jeremy vezme naftový Jaguar S-Type na německý Nürburgring, aby zjistil, zda dokáže téměř 21kilometrový okruh se 147 zatáčkami zajet pod deset minut. Jamese přepadne nostalgie ohledně hudebního nástroje a Mercedesu 300 SL. Hvězdou v autě za rozumnou cenu je Christian Slater.",
    "thumb": "https://image.tmdb.org/t/p/w500/vf47TYbPCcdYzagp7g70TXJhbLo.jpg"
  },
  "S05E06": {
    "title": "Porsche za 1500 liber",
    "plot": "Richarda, Jamese a Jeremyho čeká výzva - pořídit pojízdné Porsche do 1500 liber. Richard koupil 924 (to s motorem z dodávky) za 750 liber, James 944 za 900 liber a Jeremy, jak se předpokládalo, 928S za 1500 liber. Následně je čekala řada výzev, aby se zjistilo, kdo pořídil nejlepší auto. Jeremy se také projede novým Golfem GTI a popíše jej jako senzační (i když váží o trochu víc než \"jižní Afrika\"). Slepec Billy Baxter zkusí v Suzuki Liana překonat časy Richarda Whiteleyho a Terryho Wogana. Hvězdou v autě za rozumnou cenu je Cliff Richard.",
    "thumb": "https://image.tmdb.org/t/p/w500/ueu5delL51XHojMLuwuDvMinYJb.jpg"
  },
  "S05E07": {
    "title": "Murciélago proti Evo VIII",
    "plot": "Richard vezme nového Mustanga na výlet do Lincolnu po britské nejrovnější silnici. Do Priusu, údajně auta přátelského k ekologii, usedne Jeremy, který jej nesnáší, a řekl, že naftové Lupo ve má ve skutečnosti ještě lepší spotřebu - 3,77l/100km proti 6,28l/100km u Priusu. Lamborghini Murciélago se postaví proti Mitsubishi Evo VIII. Jsou vyhlášeny Ceny Top Gearu, Jeremy zvítězí v kategorii Největší pitomec roku kvůli Land Roveru Discovery, který zanechal na Cape Wrath, za což získá Zlatého kohouta. Hvězdou v autě za rozumnou cenu je Roger Daltrey.",
    "thumb": "https://image.tmdb.org/t/p/w500/lCJXsoECiukhxePMNfQMiRpWTln.jpg"
  },
  "S05E08": {
    "title": "Ferraru 612 Scaglietti proti proudovému letadlu",
    "plot": "V dalším epickém závodě se opět postaví auto proti veřejné dopravě. Richard s Jamesem se letadlem a vlakem pokusí porazit Jeremyho, který řídí Ferrari 612 Scaglietti, na cestě do Verbier ve Švýcarsku. V Lillehammeru si to Richard s Jamesem rozdají v dalším závodě - s pomocí norského bobového týmu se Richard pokusí sjet bobovou trať v Lillehammeru rychleji, než se dostane dolů James po silnici. James ale pojede v rally autě Mitsubishi Evo, které řídí Henning Solberg. Stig vyrazí na trať Top Gearu ve formuli 1 Renault, stará závodní auta budou závodit s moderními běžnými vozy, aby se ukázalo, jak jsou rychlá. Hvězdou v autě za rozumnou cenu je Eddie Izzard.",
    "thumb": "https://image.tmdb.org/t/p/w500/rAcUSksb3kmHSRAqQIBDaC1mguf.jpg"
  },
  "S05E09": {
    "title": "Ariel Atom",
    "plot": "BMW vstupuje na trh malých hatchbacků s jejich vozem série 1, James usedne za volant a diví se, proč to vlastně BMW dělá. James a Jeremy vyzkouší asijská auta a nesnáší je všechna. Jeremy usedne do Arielu Atom. Mercedes třídy Gdostane úpravu od AMG a Rychiard jej bude moci otestovat. Uvidíte také závod Jeremyho ve Fiestě ST a Richarda v Citroënu C2VTS. Hvězdami v autě za rozumnou cenu jsou Trinny Woodhall a Susannah Constantine.",
    "thumb": "https://image.tmdb.org/t/p/w500/vzGqtDBMsari47drixMXSED5X7.jpg"
  },
  "S06E01": {
    "title": "Fotbal s Toyotami Aygo",
    "plot": "Jeremy vyzkouší čtyřdveřový Mercedes CLS a líbí se mu. Stig vezme na trať Top Gearu AMG Mercedes CLS. Jamesovi se líbí Honda Element, která se neprodává v Británii. Richard a James hrají fotbal pět na pět s Toyotami Aygo a nový Range Rover si to rozdá s tankem Challenger II. Hvězdou v autě za rozumnou cenu je James Nesbitt.",
    "thumb": "https://image.tmdb.org/t/p/w500/9fp4bOAxyjAUPixgF5100g5Gg0H.jpg"
  },
  "S06E02": {
    "title": "Levná dvoudveřová kupé",
    "plot": "Výzvou tohoto dílu je nákup kupé, které není Porsche, za méně než 1500 liber. Richard koupí BMW 635i, Jeremy Mitsubishi Starion a James koupil \"dědečkovy hodiny\", tedy Jaguar XJS. Jeremy řídí nové superauto od Maserati, MC12. Hvězdou v autě za rozumnou cenu je Jack Dee.",
    "thumb": "https://image.tmdb.org/t/p/w500/15Vc2jAHWm6KF5ypirNbxm6G1nd.jpg"
  },
  "S06E03": {
    "title": "Plavecký Rolls Royce",
    "plot": "Jeremy dělá vlny, když dorazí na otevření nového plaveckého bazénu v Rolls Royce Silver Shadow Mk I. Richard řídí Aston Martin DB9 Volante a James se vrátí do 70. let, aby projel Maserati Bora. Německý retro Weissman MF3 je porovnáván s TVR Tuscan Mk II. Také se podíváme na Batmobile. Hvězdou v autě za rozumnou cenu je Christopher Ecclestone.",
    "thumb": "https://image.tmdb.org/t/p/w500/pg3oF41zrbtay1ROrRAVUTTCcCe.jpg"
  },
  "S06E04": {
    "title": "Matky",
    "plot": "Chlapci předají testovací povinnosti svým matkám, aby recenzovaly několik malých aut. Otestují Renault Modus, Hondu Jazz a Peugeot 1007. Jeremi projede Cadillac CTS-V a moc si ho neoblíbí. Richard testuje nové oblíbené auto \"muže v Mondeu\", nové BMW řady 3. Hvězdou v autě za rozumnou cenu je Omid Djalili.",
    "thumb": "https://image.tmdb.org/t/p/w500/fmWxg3y484pvhMLPEidFqYiTuok.jpg"
  },
  "S06E05": {
    "title": "Odstřelovači",
    "plot": "Bývalý šampion Formule 1 Damon Hill ustanoví čas se Suzuki Liana jako Závodní jezdec v autě za rozumnou cenu. Porovnáme Aston Martin DB5 a Jaguar E-Type. Odstřelovači Irské gardy se snaží trefit Jeremyho zatímco prohání Mercedes SLK a nové Porsche Boxster S opuštěnou vesnicí. James projede novou čtyřkolku od Nissanu, Murano, a Richard zavítá do Itálie, kde se projede v Maserati Gran Sport na testovací trati Maserati.",
    "thumb": "https://image.tmdb.org/t/p/w500/vq8LQ2aA5EiNLRB8VcVHysct0IT.jpg"
  },
  "S06E06": {
    "title": "Z Londýna do Osla",
    "plot": "Jeremy jede s Mercedesem McLaren SLR z Londýna do Osla, zatímco Richard a James vyrazí trajektem přes Severní moře. Na programu jsou Nissan Micra, Citroën C6 a Alfa Romeo Brera, stejně jako Aston Martin DBR9. Hvězdou v autě za rozumnou cenu je David Dimbleby.",
    "thumb": "https://image.tmdb.org/t/p/w500/eAqDNcx976TbgxkaMYqK9elKiVi.jpg"
  },
  "S06E07": {
    "title": "Ford Transit na Nürburgringu",
    "plot": "Richard vyrazí na Nordschleife aby zjistil, jestli Sabine Schmitz dokáže s Transitem zajet nechvalně známou trať pod 10 minut. Jeremy závodí během úterní ranní špičky ve Fiatu Panda proti maratonskému běžci na londýnském maratonském okruhu. Objeví se také TVR Sagaris. Hvěznou v autě za rozumnou cenu je Justin Hawkins.",
    "thumb": "https://image.tmdb.org/t/p/w500/sFy9v5OhWZYUpZtVw9U1wzlEOib.jpg"
  },
  "S06E08": {
    "title": "Island",
    "plot": "Chlapci vezmou pár kabrioletů na Island. Konkrétně Crossfire, 350Z a TT. Na dráze Top Gearu se konečně objeví Ferrari F430 jak v podobě Berlinetta, tak i Spyder. Hvězdou v autě za rozumnou cenu je Tim Rice.",
    "thumb": "https://image.tmdb.org/t/p/w500/krPzdgAAJQFRucVFXFo6qVIRCSR.jpg"
  },
  "S06E09": {
    "title": "Skútraři",
    "plot": "James a Richard stráví celou noc jako \"skútraři\". Díky tomu se dostanou k řízení různých vozů a zároveň je otestují. Jeremy usedne do nového BMW M5 a Vauxhallu VXR. Hvězdou v autě za rozumnou cenu je Chris Evans.",
    "thumb": "https://image.tmdb.org/t/p/w500/sItCdGYwC24Y2Cmhd9FPBXeOpB1.jpg"
  },
  "S06E10": {
    "title": "Offroaďáci",
    "plot": "Jeremy, James a Richard se podívají na nejnovější offroadové hračky: čtyřkolky, vznášedla a buginy. James cestuje do Dubaje, aby otestoval nejrychlejší čtyřdveřový sedan na světě - Bentley Flying Spur. Dojde na srovnání naftového BMW řady 5 s jeho benzinovým protějškem. Richard vyrazí na Island, aby zjistil, zda dokáže džíp přejet přes jezero. Hvězdou v autě za rozumnou cenu je Davina McCall. Kolo na čas v Suzuki Liana zajede také pilot Formule 1 Mark Weber.",
    "thumb": "https://image.tmdb.org/t/p/w500/lpoiLKAF1EIeBKcK0zb3Jm1Biqp.jpg"
  },
  "S06E11": {
    "title": "Běh s býky",
    "plot": "Richard se zúčastní běhu s býky v Pamploně a představ Lamborghini Murciélago Roadster. Jeremy se projede v pickupu Ford F-150 Lightning, které je z nevysvětlitelného důvodu nejprodávanějším autem na světě, a popíše jej jako nejhorší auto, které kdy řídil. James využije svého hudebního vzdělání a pokusí se vytvořit znělku Top Gearu za pomoci motorů. Richard zkusí trochu zadriftovat v Monaru s D1 drifting týmem.",
    "thumb": "https://image.tmdb.org/t/p/w500/j4Y7fIqCJkuMDZrZaG4svlltBnx.jpg"
  },
  "S07E01": {
    "title": "1. epizoda",
    "plot": "Which is the better car? The Aston Martin V8 Vantage, the Porsche 911 Carrera S or the new BMW M6? To find out, the boys take the cars to the Isle of Man and test them on the island's roads - where there is no speed limit on the open roads [unlike in the built up areas of the island].\n\nRichard drives the British-made supercar, the Ascari KZ1 and actor Trevor Eve is the Star in a Reasonably Priced Car.",
    "thumb": "https://image.tmdb.org/t/p/w500/goiqUZ5Rj7ip8HGjXe9H8SZCE9d.jpg"
  },
  "S07E02": {
    "title": "2. epizoda",
    "plot": "A challenge is set to see which is faster: a rock climber or an Audi RS4. The new Porsche Cayman Sis reviewed and there's a feature on the history of British Racing Green; part of which involves Richard driving a Vanwall; a recreation of the 1958 car which won the 1958 world championship.James and Richard turn their attention to radio-controlled cars - Top Gear style and Jeremy plays with a rather special Vauxhall Vectra VXR, but why is it worth £60,000?",
    "thumb": "https://image.tmdb.org/t/p/w500/r2GOX7iOy3oCfkD1QmZwXSqIRJI.jpg"
  },
  "S07E03": {
    "title": "3. epizoda",
    "plot": "The boys are off on a continental road trip to visit the Millau Viaduct in France in their favourite supercars: Richard drives a Pagani Zonda; James drives a Ferrari F430 and Jeremy drives his own Ford GT. Jeremy also drives the 'air-hostess orange' Focus ST on the track.",
    "thumb": "https://image.tmdb.org/t/p/w500/vuj7vItfO9kGUrQgS2hHn8SoUH3.jpg"
  },
  "S07E04": {
    "title": "Stará italská superauta",
    "plot": "Tento týden je úkolem zkusit najít a koupit \"slušná\" italská superauta s motorem uprostřed za 10 tisíc liber. Richard se projede v Pagani Zonda F.  Hvězdou v autě za rozumnou cenu je Ellen MacArthur.",
    "thumb": "https://image.tmdb.org/t/p/w500/6YdeI3iVgafbQ9yl3QVnxcDHdJn.jpg"
  },
  "S07E05": {
    "title": "5. epizoda",
    "plot": "James and Richard are once again trying to beat Jeremy in another of their now famous races. This time, the race is on to see who will be the first to get from Alba in northern Italy, to the NatWest Tower in London. James and Richard are in a light aircraft piloted by James - Jeremy has to make-do with a Bugatti Veyron.\n\nFormer F1 and Indycar World Champion Nigel Mansell gets the chance to set a fast lap in the Liana.",
    "thumb": "https://image.tmdb.org/t/p/w500/yWZLJ6jXxjJ2pgeRJ510LyR7DY9.jpg"
  },
  "S07E06": {
    "title": "NSX na Playstation",
    "plot": "Richard závodí v Mazdě MX-5 za 18 tisíc liber proti chrtovi za 25tisíc. Jeremy porovnává řízení Hondy NSX na okrusu Laguna Seca ve videohře a ve skutečnosti. Austin Healey Sprite si to rozdá s upraveným Peugeotem 306 na Prescott Hill Climb course, aby se rozhodlo, které z aut je lepší. Dojde na udílení cen Top Gearu a James May dostane Zlatého kohouta. Hvězdou v autě za rozumnou cenu je David Walliams.",
    "thumb": "https://image.tmdb.org/t/p/w500/2o4N0IrBhdBy6EoUBXSBWB45YEs.jpg"
  },
  "S07E07": {
    "title": "Olympijský speciál",
    "plot": "Jeremy, Richard a James se vydali do Lillehammeru, kde společně vymýšleli disciplíny, které by jim pomohly uspořádat v norském městě vlastní zimní olympijské hry. Všechny disciplíny však mají něco společného. Jejich společným prvkem jsou auta. Žádnému z nich nechybí motivace, poražený si naopak užije žlutého sněhu.",
    "thumb": "https://image.tmdb.org/t/p/w500/c7hlObw6n8Kl2Ar1TRfMicPte7I.jpg"
  },
  "S08E01": {
    "title": "Kabriolet z rodinného vozu",
    "plot": "Pánové si usmyslí, že staré rodinné auto Renault Espace si zaslouží úpravu a předělají jej na kabriolet. Richard se pustí do testování růžového kabrioletu Nissan Micra. James se mrkne na zoubek nové Honde Civic a Jeremy si samozřejmě pro sebe urve to nejlepší, když se posadí do nového super vozu Koenigsegg CCX. Tým se také rozloučí se starým autem za rozumnou cenu a představí nový kousek, kterým je pro tuto sezónu Chevrolet Lacetti.",
    "thumb": "https://image.tmdb.org/t/p/w500/3x4irL3SJE6rd8Jnw4H73rUfKBZ.jpg"
  },
  "S08E02": {
    "title": "Auto proti kánoi",
    "plot": "Jeremy si v tomto díle otestuje nový Jaguar XK. Richard se vypraví na Island, aby se utkal v závodě s motorem poháněnou kánoí. Celá trojka se pak vypraví do rádia, aby vylepšili místní show, dopadne to však jako obvykle. Jeremy si prověří, jak je na tom nový rival pro Ferrari 575M, nový Chevrolet Corvette Z06. Auto za rozumnou cenu si vyzkouší kuchařská hvězda Gordon Ramsay.",
    "thumb": "https://image.tmdb.org/t/p/w500/jzQmSCWPmTK1EWKL33AzSZGEXaE.jpg"
  },
  "S08E03": {
    "title": "Auta na souš i vodu",
    "plot": "Pánové si tentokrát usmyslí, že postaví auta, která budou schopná jezdit jak po souši, tak na vodě. Jeremy si při testování prověří nový Lotus Exige S. Hostem pořadu je tentokrát Philip Glenister.",
    "thumb": "https://image.tmdb.org/t/p/w500/bN5ZlP7fr1kRTCdA0LEDnKe6aNd.jpg"
  },
  "S08E04": {
    "title": "Interiér podomácku",
    "plot": "Richard se v horách na Kypru pustí do závodu s britskými parašutisty, kteří skočí z výšky 10 000 stop (přes 3km), sám přitom řídí Porsche Cayenne Turbo S. Jeremy si vyzkouší nový Mercedes Benz třídy S, který má například masážní sedadla, detektory, které rozsvítí světlomety a podobně. Pak se jej rozhodne z hlediska interiéru srovnat se starší verzí. Do vozidla za rozumnou cenu se tentokrát posadí herec Ewan McGregor.",
    "thumb": "https://image.tmdb.org/t/p/w500/iDlBoNphyCBVo8BmaKjKnqk8KnD.jpg"
  },
  "S08E05": {
    "title": "James se učí závodit",
    "plot": "Richard a James si rozhodnou zahrát fotbal s automobily, Richard se stane členem týmu Volkswagenů a soupeřem je mu tým Jamese se jejich Toyotami Aygos. Jeremy se podívá na zoubek Citroënu C6 a použije ho jako základnu pro kameru při sledování dostihů. James, jehož přezdívka je \"Kapitán hlemýžď\" (dostal ji od svých kolegů), přijme výzvu bývalého mistra světa ve formuli 1, Sira Jackieho Stewarta, který tvrdí, že dokáže čas KOHOKOLIV na jedno kolo v Oulton Parku vylepšit o 20 vteřin. Sir Michael Gambon je tentokrát hostem, který si vyzkouší auto za rozumnou cenu.",
    "thumb": "https://image.tmdb.org/t/p/w500/afr0CLWoYY0FwzV46ZGh9H1vUMZ.jpg"
  },
  "S08E06": {
    "title": "Top Gear v karavanu",
    "plot": "Jeremy, Richard a James chtějí zjistit víc o cestování karavanem a tak se vydají na cestu do Dorsetu. Během cesty se jim podaří několikrát zablokovat provoz, onemocní jim pes, James nabourá karavan do patníku a je skoro zatčen policií, když zablokuje ulici po té, co špatně zatočil. Jeremy zničí svůj i sousedův karavan, když se snaží vařit. Klasická katastrofa. Richard se Londýnem projede formulí 1 stáje Toyota a Stig se s ní pokusí vytvořit světový rychlostní rekord uvnitř budovy.",
    "thumb": "https://image.tmdb.org/t/p/w500/32NW2OSpeFJEObQeju5As6qTs5t.jpg"
  },
  "S08E07": {
    "title": "Závod ve stavbě kit-caru",
    "plot": "Richard se s Jamesem rozhodnou najít nejlepší auto pro běžný provoz a tak si na testování vezmou Ford S-MAX, Mercedes-Benz třídy B a Vauxhall Zafira VXR. Jeremy si zatím vyzkouší Lamborghini Gallardo Spyder. James si pak dá za volantem Peugeotu 207 1.6 závod přes Liverpool se dvěma muži, kteří ovládají parkour. Pánové pak dostanou za úkol sestavit vůz Caterham Seven kit car do doby, než se s jedním z těchto vozů Stig dostane z Caterhamu v Surrey na okruh Knockhill ve Skotsku.",
    "thumb": "https://image.tmdb.org/t/p/w500/n8Um3jANfwyzIuU5p73Cxb7uvov.jpg"
  },
  "S08E08": {
    "title": "Levné dodávky",
    "plot": "Jeremy, Richard a James se rozhodnou blíže podívat na dodávky a k testům si vezmou Renault Master, Ford Transit a Volkswagen T30 TDI 174 Sportline. Během toho dostanou za úkol přestěhovat vybavení skupiny The Who a přesunout jej na další místo, kde budou koncertovat. Nakoupí si také v hodnotě 1000 liber tyto vozy: Ford Transit, LDV Convoy a Suzuki Supercarry a prověří je po všech stránkách. James a Richard si otestují také překrásný Rolls Royce 101EX, kterému Jeremy začne říkat \"Vulgar-sonic\". V autě za rozumnou cenu se představí pilot formule 1 Jenson Button a také Ray Winstone.",
    "thumb": "https://image.tmdb.org/t/p/w500/1hxKfsmVH5SsqRXL38yHuhv4HpO.jpg"
  },
  "S09E01": {
    "title": "Top Gear jako silničáři",
    "plot": "Richard se vrací po strašlivé nehodě, kterou utrpěl při natáčení pořadu v rychlosti 288 mph (460 km/h) za volantem dragsteru s tryskovým motorem, a při které málem přišel o život. Tým si otestuje Jaguar XKR a především se pokusí dokázat, že britští silničáři jsou břídilové. Místní samospráva totiž odhadla opravu silnice na pět dní a pánové si řekli, že jim to ukáží a zvládnou to za 24 hodin... Hostem pořadu je kuchařská celebrita Jamie Oliver.",
    "thumb": "https://image.tmdb.org/t/p/w500/3DIgpTSGRkv6NvdGdfjw4yMLz7K.jpg"
  },
  "S09E02": {
    "title": "Skotskem sporťákem",
    "plot": "James se vydá na testovací okruh Volkswagenu, aby se posadil za volant Bugatti Veyron a pokusil se s ním dosáhnout rychlosti 253 mph (406 km/h), což je rychlejší, než jakýkoliv vůz formule 1. S kolegy pak společně vezmou nové Audi TT, Alfu Romeo Brera a Mazdu RX8 do Skotska, kde mají dvě minuty na to, aby experty skotské národní galerie přesvědčili o tom, že právě ten jejich vůz je uměleckým dílem. Řidičem vozu za rozumnou cenu je tentokrát herec Hugh Grant.",
    "thumb": "https://image.tmdb.org/t/p/w500/jYDvDGTqWm4mwwEN1h5uasJHNUt.jpg"
  },
  "S09E03": {
    "title": "USA speciál",
    "plot": "V dalším speciálu se naše trojice vydá do Spojených států. Prvním úkolem v Miami je koupit auto, které nesmí stát víc jak 1000 dolarů. Brzy se ukáže, že to nebude tak snadné, jak se na první pohled zdálo. Během následné více jak 1000 km dlouhé cesty do New Orleans budou Jeremy, Richard a James čelit hned několika výzvám, přičemž dokáží obyvatele jednoho města rozzuřit tolik, že jsou vyhnáni pryč...",
    "thumb": "https://image.tmdb.org/t/p/w500/An909TAWVCZs344JvCUtWTEhPgo.jpg"
  },
  "S09E04": {
    "title": "Raketoplán",
    "plot": "Tým si vyzkouší nové Porsche 991 Turbo. Jeremy se pokusí zjistit, proč je Mercedes-Benz Brabus SL65 nejvýkonnějším kabrioletem a zda mají takto upravovaná auta vůbec smysl. Pořádný úkol si na svá bedra naloží Richard, James a Britská amatérská raketová asociace. Pokusí se vyslat \"do vesmíru\" mini auto Reliant Robin. Připevní jej k raketě a jejich cílem je dosáhnout výšky 1 kilometr a pak znovu bezpečně přistát. Co myslíte, podaří se jim to? Auto za rozumnou cenu si na trati vyzkouší herec Simon Pegg.",
    "thumb": "https://image.tmdb.org/t/p/w500/uKCbAkm4FOg45xgmfegPl6YFGof.jpg"
  },
  "S09E05": {
    "title": "Pěstování biopaliva",
    "plot": "Tým spojí síly se železnicí a společně ukáží, co se stane, když auto ignoruje výstražná znamení nebo bezpečnost a na přejezdu je smeteno vlakem. Jeremy pak vezme na projížďku nové Lamborghini Murcielago LP640. Všichni společně následně usednou do traktorů a projdou s nimi řadou zkoušek včetně pěstování biopaliva. Kristin Scott Thomas si na závěr vyzkouší na trati auto za rozumnou cenu.",
    "thumb": "https://image.tmdb.org/t/p/w500/fauVfzSGkdOTIDMH2WWmYatWnfp.jpg"
  },
  "S09E06": {
    "title": "Levné limuzíny",
    "plot": "Richard si tentokrát vyzkouší nový parádní Ford Shelby Mustang GT500 a po dráze ho prožene spolu se svým veteránem Ford GT. Všichni pánové dostanou následně za úkol přeměnit klasické auto na prodlouženou limuzínu a ve svém výtvoru pak odvézt určenou celebritu na předávání hudebních Brit Awards. Jak tušíte, nedopadne to zrovna podle představ. Do studia se zastaví Billie Piper (např. Doctor Who), aby si vyzkoušela auto za rozumnou cenu.",
    "thumb": "https://image.tmdb.org/t/p/w500/uXcd1volHmxiyS78T76R4BwjQES.jpg"
  },
  "S10E01": {
    "title": "Nejlepší silnice na ježdění v Evropě",
    "plot": "Na oslavu 30 let Golfu GTI Volkswagen připravil 640koňový Golf GTI W12. Na svou cestu za nejlepší silnicí na ježdění v Evropě si chlapci vezmou opravdové automobilové exotiky. Hvězdou v autě za rozumnou cenu je dáma Helen Mirren.",
    "thumb": "https://image.tmdb.org/t/p/w500/zcZc9G8jhKFUzMNDGydI57IfFSU.jpg"
  },
  "S10E02": {
    "title": "Přeplouvání kanálu",
    "plot": "James, Richard a Jeremy se pokusí překročit kanál ve svých obojživelných vozidlech z osmé série. Jeremy prožene na trati docela sexy Audi R8, zatímco Richard dává přednost Porsche Carrera 2S. Hvězdou v autě za rozumnou cenu je Jools Holland.",
    "thumb": "https://image.tmdb.org/t/p/w500/qkVeI06JJ61f1DrQeDNk76H3VKU.jpg"
  },
  "S10E03": {
    "title": "Stíhačka Typhoon",
    "plot": "Richard si to v Bugatti Veyron rozdá se stíhačkou Typhoon. Ve studiu ukáže Lexus LS600h, jak umí sám zaparkovat, předvede se i Lamborghini Reventon. James usedne do nového kabrioletu Rolls Royce a Jeremy si pohraje s novým Ferrari 599 Fiorano. Hvězdou v autě za rozumnou cenu je Ronnie Wood z Rolling Stones.",
    "thumb": "https://image.tmdb.org/t/p/w500/5wM6bgCvHLqE9KXzJ3bXUikJUz1.jpg"
  },
  "S10E04": {
    "title": "Botswanský speciál",
    "plot": "Chlapci vyrazí do Afriky s následujícím úkolem: musí si každý koupit auto, ne 4x4, za méně než 1500 liber. Potom musí s auty, která si pořídili, projet nic neodpouštějícím terénem Botswany. Objeví se také Stigův africký bratranec.",
    "thumb": "https://image.tmdb.org/t/p/w500/f1Oym9u88v6a64cMzggVqWxlhSS.jpg"
  },
  "S10E05": {
    "title": "Nejrychlejší cesta Londýnem",
    "plot": "Chlapci mezi sebou závodí na kole, lodi a v autě, aby zjistili, jak se nejrychleji dostat přes Londýn. Stig se v Caparo T1 pokusí porazit dlouhodobý rekord, který an dráze stanovil Koenigsegg. Richard bude závodit v Aston Martin V8 Vantage Roadster proti muži s proudovým motorem na zádech. Hvězdou v autě za rozumnou cenu je Simon Cowell.",
    "thumb": "https://image.tmdb.org/t/p/w500/82K4yLDBIUqKlreAp6eHqv3oYvy.jpg"
  },
  "S10E06": {
    "title": "Závody obytných aut",
    "plot": "Jeremy porovnává AMG Mercedes třídy E s BMW M5 Touring, Richard a James si vyzkouší závody obytných aut, Jeremy má obytné auto az 750 tisíc liber, které se jmenuje Performace a veze si své vlastní auto Wiesmann MF3. Stig otestuje Hondu Civic Type R a James se projede Alfou Romeo 159. Hvězdou v autě za rozumnou cenu je Lawrence Dallaglio.",
    "thumb": "https://image.tmdb.org/t/p/w500/6EdfF6TVBVwiM2GXgzfQzevpn8l.jpg"
  },
  "S10E07": {
    "title": "Auta z British Leyland",
    "plot": "Na oslavu 40 let British Leyland mají Jeremy, James a Richard najít tři vozy této společnosti, které vůbec nebyly špatné. Pro lidi, kteří mají rádi auta, je tu nový Aston Martin DBS. Hvězdou v autě za rozumnou cenu je Jennifer Saunders.",
    "thumb": "https://image.tmdb.org/t/p/w500/2gU05dUcjHTmH3WJTfNjGO4ZtMM.jpg"
  },
  "S10E08": {
    "title": "Vauxhall VXR8",
    "plot": "Jeremy a James vyzkouší několik historických aut aby zjistili, jaké auto mělo jako první  ovládání, které známe z dnešních vozů. Richard prožene Formuli 1 stáje Renault z roku 2006 na trati v Silverstone. Testu se dočká Vauxhall VXR8 a také BMW, které umí samo řídit. Hvězdou v autě za rozumnou cenu je James Blunt. Jo, a taky přijde chlápek jménem Lewis Hamilton.",
    "thumb": "https://image.tmdb.org/t/p/w500/oGwt8hTAncWBJKIupmWwEBkO4Tq.jpg"
  },
  "S10E09": {
    "title": "24hodinovka",
    "plot": "Jeremy, James a Richard se společně se Stigem a vozem BMW 330d zúčastní Britcar 24, 24hodinového vytrvalostního závodu na okruhu Silverstone. James cestuje do Budapešti, kde závodí s novým Fiatem 500 proti chlapcům na BMX kolech a Stig prožene na trati Top Gearu Ascari A10. Hvězdou v autě za rozumnou cenu je Keith Allen.",
    "thumb": "https://image.tmdb.org/t/p/w500/Qbf8rXPHZ54P5orfFA9ZvDksiM.jpg"
  },
  "S10E10": {
    "title": "Tři auta ve Španělsku",
    "plot": "Jeremy, James a Richard vezmou do Španělska tři auta - nové BMW M3, Mercedes C63 AMG a Audi RS4. James se projede v novém Jaguaru XF a Richard promění G-Wiz v auto na dálkové ovládání. Hvězdou v autě za rozumnou cenu je David Tennant. Dojde také na udílení cen Top Gearu.",
    "thumb": "https://image.tmdb.org/t/p/w500/Ak65HmPXfdDp5QnBN7GmKOMbpAQ.jpg"
  },
  "S11E01": {
    "title": "1. epizoda",
    "plot": "The boys are each given £1,000 to buy a police car which will then be used in a dramatic chase. And they most likely will get dented. Jeremy starts the Ferrari 430 Scuderia. James introduces a new member to the Top Gear team. Justin Lee Collins and Alan Carr are the Star(s) in a Reasonably Priced Car.",
    "thumb": "https://image.tmdb.org/t/p/w500/ca42DBoW3qUX2GAGRnOcwkCRLMx.jpg"
  },
  "S11E02": {
    "title": "2. epizoda",
    "plot": "Jeremy falls in love with the Mercedes CLK Black. Richard races the Audi RS6 Avant against skiers in the Alps and Top Gear Stuntman attempts to recreate a famous stunt from a James Bond film in a MG Maestro. On the track, the Mitsubishi Evo X and Subaru Impreza STi go head-to-head. Rising from the ashes like a phoenix, the Cool Wall returns.  Rupert Penry-Jones and Peter Firth are the Stars in a Reasonably Priced Car.",
    "thumb": "https://image.tmdb.org/t/p/w500/o0PDcTzpbEtymkxSfveJ9f4i48T.jpg"
  },
  "S11E03": {
    "title": "3. epizoda",
    "plot": "Are you a 'proper petrolhead'? The gospel according to Clarkson says you are not if you haven't owned an Alfa Romeo. So this week the lads are each given £1,000 to buy an Alfa Romeo, which will then be put through a series of challenges. The Bentley Brooklands gets the Clarkson treatment on the track and James Corden and Rob Brydon are the Stars in a Reasonably Priced Car.",
    "thumb": "https://image.tmdb.org/t/p/w500/8QobkhbFJa8umgOl9cLv2sNKbhv.jpg"
  },
  "S11E04": {
    "title": "4. epizoda",
    "plot": "In Japan, Jeremy is driving the Nissan GT R, while James and Richard travel on Japan's famous Shinkansen, or Bullet train. On the Top Gear track, the Alfa Romeo 8C is driven by Jeremy and the Stig.\n\nFiona Bruce and Kate Silverton are the Star(s)in a Reasonably Priced Car.",
    "thumb": "https://image.tmdb.org/t/p/w500/yfkPr12YhbLnRyKJiOY7VebGns0.jpg"
  },
  "S11E05": {
    "title": "5. epizoda",
    "plot": "A new Ford Mondeo or a used luxury car of yesteryear? Jeremy and James demonstrate which is the wisest choice. Jeremy drives the Nissan GT-R - again, around Japan's Fuji circuit. Stig drives the GT-R around the Top Gear track. Richard indulges in a spot of fox hunting - Top Gear style. Peter Jones and Theo Paphitis are the Star(s) in a Reasonably Priced Car.",
    "thumb": "https://image.tmdb.org/t/p/w500/XBT7SNCxexLWRTr2Dbb1xCP901.jpg"
  },
  "S11E06": {
    "title": "6. epizoda",
    "plot": "It's an epic age-old rivalry: Britain versus Germany - but this time it's serious. Germany's equivalent of Top Gear - D Motor - is up against dear old Blighty's magnificent original in a series of challenges.\n\nRichard drives a new Mazda concept car and James chauffeurs two sumo wrestlers in a rather odd Japanese car.",
    "thumb": "https://image.tmdb.org/t/p/w500/2rMBqWPU61mAS59zGIy3aivf1OM.jpg"
  },
  "S12E01": {
    "title": "1. epizoda",
    "plot": "Jeremy, Richard and James buy second-hand lorries and set about discovering how easy it is to become an HGV driver. The Porsche 911 and Lamborghini Gallardo are also tested, and Michael Parkinson is the Star in a Reasonably Priced Car.",
    "thumb": "https://image.tmdb.org/t/p/w500/9LuHpdnMUwPz7Nia2YKZW9Owynm.jpg"
  },
  "S12E02": {
    "title": "2. epizoda",
    "plot": "Jeremy, Richard and James travel to the US to take a road trip from San Francisco to the heart of Utah in three new-generation muscle cars, hoping this time to avoid a mob of angry locals pelting them with rocks. The Fiat 500 Abarth gets a test drive and Will Young is the Star in a Reasonably Priced Car.",
    "thumb": "https://image.tmdb.org/t/p/w500/KaGTGhgOVINKSh5sFF6a6rxJZA.jpg"
  },
  "S12E03": {
    "title": "3. epizoda",
    "plot": "Clarkson, Hammond and James take on the challenge of making an ordinary second-hand car lap the test track as fast as a brand-new, purpose-built sports saloon. James enlists the help of F1 world champion Mika Hakkinen in a quest to discover why the Finns are such good racing drivers. Richard hammers around the track in the outlandish Veritas sports car. Mark Wahlberg is the Hollywood Star in a Reasonably Priced Car.",
    "thumb": "https://image.tmdb.org/t/p/w500/ga34kmxTYHzN7Qnf9iNoTtx5OgJ.jpg"
  },
  "S12E04": {
    "title": "4. epizoda",
    "plot": "Jeremy, Richard and James are challenged to drive from the heart of Switzerland to the north-western coast of England on just one tank of fuel, with the winner switching on the Blackpool illuminations. James also power tests the Pagani Zonda F Roadster, and the Stig sets a lap time in the Bugatti Veyron. Grand Designs presenter Harry Enfield is the Star in a Reasonably Priced Car.",
    "thumb": "https://image.tmdb.org/t/p/w500/bfPkc59eyoOV29W3D26QzCJoQsB.jpg"
  },
  "S12E05": {
    "title": "5. epizoda",
    "plot": "Richard celebrates the 40th anniversary of the Ferrari Daytona by taking one back to its spiritual home - the Italian Riviera - before trying to beat James and a powerboat in a race from Portofino to St Tropez. Jeremy tests the new BMW M3 saloon and compares it with the Lexus IS-F. Grand Designs presenter Kevin McCloud is the Star in a Reasonably Priced Car.",
    "thumb": "https://image.tmdb.org/t/p/w500/iqdk8TRwTirAyhvfT9l1iARGdE3.jpg"
  },
  "S12E06": {
    "title": "6. epizoda",
    "plot": "Jeremy asks whether the Eastern bloc countries ever made a good car, and Richard assesses the performance of new German sports model the Veritas. The latest Ford Fiesta is also put through its paces in a stringent road test, and London mayor Boris Johnson is the Star in a Reasonably Priced Car.",
    "thumb": "https://image.tmdb.org/t/p/w500/l0BMfKMECKSZoD528FFmFbiuygA.jpg"
  },
  "S12E07": {
    "title": "7. epizoda",
    "plot": "James visits California to learn about the hydrogen-fuelled Honda Clarity, and Jeremy assesses the performance of Tesla's battery-powered supercar the Roadster. Richard looks back over 50 years of British touring car racing, and singer Tom Jones is the Star in a Reasonably Priced Car.",
    "thumb": "https://image.tmdb.org/t/p/w500/2hMOdAa49KYPbBm6mpSYaHxMeQG.jpg"
  },
  "S12E08": {
    "title": "Vietnamský speciál",
    "plot": "Jeremy, Richard a James musí zdolat celý Vietnam za osm dní. Nejdřív si ale musí obstarat nějaký dopravní prostředek a i když mají každý několik milionů dongů, bude to složitější, než čekali. Obzvláště na jednom z nejdražších autromobilových trhů světa.",
    "thumb": "https://image.tmdb.org/t/p/w500/MSv1hcJGmrQQxvTs16yEqH2QGS.jpg"
  },
  "S13E01": {
    "title": "1. epizoda",
    "plot": "A race from London and Edinburgh using three different modes of transport. Jeremy will take the Tornado, a modern steam train; James drives the exquisite Jaguar XK120 and Richard rides the Vincent Black Shadow motorcycle. Finally the Stig is revealed (or is he?)",
    "thumb": "https://image.tmdb.org/t/p/w500/9CrRkqaShneVXdgF8gRy5V6pamL.jpg"
  },
  "S13E02": {
    "title": "2. epizoda",
    "plot": "Jeremy, James and Richard attempt to find the perfect car for a 17 year-old. Normal service resumes in Abu Dhabi with Richard, a Lamborghini Murcielago SV and a race between a Bugatti Veyron and a McLaren F1. Stephen Fry is the Star in a Reasonably Priced Car.",
    "thumb": "https://image.tmdb.org/t/p/w500/2ZThMAauHlwLfS61LUhaPy7029t.jpg"
  },
  "S13E03": {
    "title": "3. epizoda",
    "plot": "Jeremy, Richard and James confront the credit crunch as they attempt to find three sensibly priced small cars that won't make you miserable. James meets American stunt driving legend Ken Block, Jeremy tests the mildly insane Mercedes SL Black, and Michael McIntyre is the Star in a Reasonably Priced Car.",
    "thumb": "https://image.tmdb.org/t/p/w500/ozlnLNJbLQok4uX3ursje09Jee9.jpg"
  },
  "S13E04": {
    "title": "4. epizoda",
    "plot": "Jeremy is on the run from the British Army, who undoubtedly want to shoot him with an array of ordnance. James and Richard race the Porsche Panamera against the Royal Mail, to see which can travel the length of Britain most quickly. Olympic gold medal winning sprinter Usain Bolt is the Star in a Reasonably Priced Car.",
    "thumb": "https://image.tmdb.org/t/p/w500/qxt3ALAU73za8aSP0th0KL0ZFzH.jpg"
  },
  "S13E05": {
    "title": "5. epizoda",
    "plot": "A budget of £1,500, a rear-wheel drive coupe and some French ice. Jeremy drives the new 500bhp Jaguar XFR. Sienna Miller is the Star in a Reasonably Priced Car.",
    "thumb": "https://image.tmdb.org/t/p/w500/k9ihWLbnS0B2gavKm7LfcnbQnIN.jpg"
  },
  "S13E06": {
    "title": "Laciná aukce",
    "plot": "Jeremy, James a Richard dostanou každý tři tisíce liber a mají na aukci koupi auto vyrobené před rokem 1982. S auty pak pojedou na Mallorcu, kde se zúčastní historické rally. Hvězdou v autě  za rozumnou cenu je zpěvák AC/DC Brian Johnson.",
    "thumb": "https://image.tmdb.org/t/p/w500/mboRQAzFKUhgUPtPkWgIradwmxr.jpg"
  },
  "S13E07": {
    "title": "7. epizoda",
    "plot": "Jeremy and James attempt to create an advertisement for Volkswagen without falling out with each other. Richard tries to pursuade people that the Vauxhall VXR8 Bathurst is an alternative to German sports saloons. Jay Leno is the Star in a Reasonably Priced Car.",
    "thumb": "https://image.tmdb.org/t/p/w500/hZZiRgEDv4PlEs0WY9fMzVTiUDx.jpg"
  },
  "S14E01": {
    "title": "1. epizoda",
    "plot": "Jeremy, Richard and James take an Aston DBS Volante, a Ferrari California, and a Lamborghini Gallardo Spyder to Romania in search of an obscure stretch of tarmac that some hardcore drivers claim is nothing less than the greatest road in the world. James compares two powerful limos, the BMW 760i and Mercedes S63 AMG. The star in a reasonably priced car is Eric Bana.",
    "thumb": "https://image.tmdb.org/t/p/w500/7kusObn04WSIwA04xIUCpwEnZOu.jpg"
  },
  "S14E02": {
    "title": "2. epizoda",
    "plot": "The boys' propensity to be ambitious but rubbish, means the possibility of electrocution looms large this week, as Jeremy, James and Richard attempt to build their own electric car. On the track, the American Corvette ZR1 tries its best to compete with the German Audi R8 V10. Michael Sheen is this week's Star in a Reasonably Priced Car.",
    "thumb": "https://image.tmdb.org/t/p/w500/6GTzfaDr9lfb3kaP1wkPLtmkSZ8.jpg"
  },
  "S14E03": {
    "title": "3. epizoda",
    "plot": "This week, the boys try to identify which car manufacturer has made the greatest number of great cars. A decision which will surely be reached, with much arguing and shouting. James takes a caravan to a camp site, but chooses not to clog up the roads for proper motorists whilst doing so and Jeremy drives a replica of a classic rally car on the track. Chris Evans is the Star in a Reasonably Priced Car.",
    "thumb": "https://image.tmdb.org/t/p/w500/x75imiNeuShLjNfPDACJz297ZCF.jpg"
  },
  "S14E04": {
    "title": "4. epizoda",
    "plot": "Jeremy puts the Renault Sport Twingo 133 through a stringent examination in Belfast with a helping hand from actor Ross Kemp. Richard samples the delights of airport vehicle racing, Guy Ritchie is the Star in a Reasonably Priced Car, and there is also a group test of the latest high-performance off-roaders from BMW, Audi and Range Rover.",
    "thumb": "https://image.tmdb.org/t/p/w500/86ec307LdhACcpcivObgAxKqCRh.jpg"
  },
  "S14E05": {
    "title": "5. epizoda",
    "plot": "Jeremy Clarkson, Richard Hammond and James May attempt to prove that cars can be art by taking over an entire modern art gallery in Middlesbrough and filling it with motoring-related works, including some remarkable creations of their own. In their quest to prove that cars can be more popular than traditional art, the presenters set themselves the challenge of attracting more visitors to their exhibition than will visit a more traditional gallery over the same period, a task that forces them to engage in some unusual promotional activities.\n\nAlso on the show, Jeremy is on the test track in a new British supercar, the sensationally fast and sensationally expensive Noble M600.",
    "thumb": "https://image.tmdb.org/t/p/w500/kw4aDxbmkuAFKYWrYiR5HT4yB5E.jpg"
  },
  "S14E06": {
    "title": "Bolivijský speciál",
    "plot": "Jeremy, Richard a James jsou vyssazeni v Bolivijském deštném pralese vybaveni pouze ošuntělými čtyřkolkami, které si pořídili přes internet za 3500 liber, aniž by je předtím vyzkoušeli. Pokusí se s nimi projet ze srdce Bolivie na pobřeží Chile, na cestě uvidí s místní drogové šéfy, poznají oslabující účinky vysoké nadmořské výšky a zděsí se prudkých svahů lemujících Cestu smrti.",
    "thumb": "https://image.tmdb.org/t/p/w500/xDVwsLP44yUtxC9VZbfD280sIMR.jpg"
  },
  "S14E07": {
    "title": "7. epizoda",
    "plot": "Jeremy Clarkson makes a film about the BMW X6 and ends up conducting one of the most expensive road tests in Top Gear history. James May drives the new Vauxhall Insignia VXR, accompanied by Margaret Calvert, the designer of Britain's road signs and Richard Hammond tests the 340,000 pound Lexus supercar on the Top Gear track. The star in a Reasonably Priced Car is blues musician Seasick Steve.",
    "thumb": "https://image.tmdb.org/t/p/w500/s2ZCR3DPD5jtacbyVFgwd2E0VGT.jpg"
  },
  "S15E01": {
    "title": "1. epizoda",
    "plot": "Jeremy wonders why there aren't more three-wheeled cars and investigates further with a closer look at the Reliant Robin. James drives the Toyota Hilux pickup up an active volcano in Iceland; and The Stig rips up the track in the new Bentley Continental Supersports.",
    "thumb": "https://image.tmdb.org/t/p/w500/3JkyRX2F1Q9ZVIANBqkKLiJPQNM.jpg"
  },
  "S15E02": {
    "title": "2. epizoda",
    "plot": "With a budget of £5,000 each, the boys buy cars which are at home on the track and suitable to do the family shopping. James tests the Porsche 911 Sport Classic and the Boxster Spyder. Alistair Campbell is the Star in a Reasonably Priced Car.",
    "thumb": "https://image.tmdb.org/t/p/w500/r884opx0Id8YTygplBV4pjnDnav.jpg"
  },
  "S15E03": {
    "title": "3. epizoda",
    "plot": "Jeremy, James and Richard drive the Aston Martin Rapide, Porsche Panamera Turbo and the Maserati Quattroporte; four-seater cars from manufacturers more famous for their two-door cars. Richard drives the Chevrolet Camaro SS and Mercedes E63 AMG. F1 driver Rubens Barrichello tries his luck in the Reasonably Priced Car and Rupert Grint is the Star in a Reasonably Priced Car.",
    "thumb": "https://image.tmdb.org/t/p/w500/31Zkep7HOYFVZ0oSyZAaaUCTOTH.jpg"
  },
  "S15E04": {
    "title": "4. epizoda",
    "plot": "The team attempt to build some interesting motor homes before setting off for a Bank Holiday weekend in the West Country to see how what that they have created holds up. Jeremy test drives the new Audi R8 V10 Spyder and the latest version of Porsche's enduring 911 Turbo cabriolet to see how they compare.",
    "thumb": "https://image.tmdb.org/t/p/w500/hMK72WdQge05rglIYxrG4S55KO9.jpg"
  },
  "S15E05": {
    "title": "5. epizoda",
    "plot": "Richard takes the Volkswagen Touareg 4x4 to Sweden for a race against some snowmobilers. James travels to Germany where he attempts to break his personal speed record in a brand-new version of the Bugatti Veyron. Jeremy Clarkson looks at the reasons why Ayrton Senna is considered the best driver of his generation.",
    "thumb": "https://image.tmdb.org/t/p/w500/i7q2SndArDDqlW5N1FuOGnjrJua.jpg"
  },
  "S15E06": {
    "title": "6. epizoda",
    "plot": "The team purchase old British roadsters from Jensen-Healey, Lotus, and TVR and they then take a wistful journey through the remnants of this country's sports-car industry, beginning in Norfolk and ending in Blackpool. Jeremy test drives the new Ferrari 458 Italia. Jeff Goldblum is the star in the new Reasonably Priced Car this week.",
    "thumb": "https://image.tmdb.org/t/p/w500/5somTBcgxrBJtmcVmZXM1WhPp2n.jpg"
  },
  "S16E01": {
    "title": "1. epizoda",
    "plot": "The Ariel Atom, with a V8 engine, 900 bhp per tonne and a 0 - 60mph time under 2.3 seconds, is driven on the track by... James. Will it reach 60mph? Richard plays with a Porsche - again. This time, the new 911 Turbo S Cabriolet, which he races against a VW Beetle. A race with a Top Gear twist... Jeremy drives a practical car that you can afford - the Skoda Yeti. And puts it through some rather unusual tests. John Bishop is the Star in a Reasonably Priced Car.",
    "thumb": "https://image.tmdb.org/t/p/w500/kd7pt5ZLGNoXpBeABu2xZAByUmX.jpg"
  },
  "S16E02": {
    "title": "2. epizoda",
    "plot": "Jeremy Clarkson, Richard Hammond and James May go head-to-head against their opposite numbers from Australian Top Gear in a car-based version of The Ashes. With disciplines including rallying, drifting and an Aussie version of double-decker car racing it's an all-out grudge match that will almost certainly end in tears. Also in the show, Jeremy is on the test track in Ferrari's new 599 GTO and Boris Becker is the Star in a Reasonably Priced Car.",
    "thumb": "https://image.tmdb.org/t/p/w500/dZwDAiNMudZB7tTO6KeJpSEFG0i.jpg"
  },
  "S16E03": {
    "title": "3. epizoda",
    "plot": "Jeremy Clarkson, Richard Hammond and James May head to Albania to test the super luxurious Rolls-Royce Ghost, Bentley Mulsanne and Mercedes S65 AMG. Back on home soil, Jeremy is out on the track in a trio of high-powered hatchbacks, the Ford Focus RS500, the Prodrive Impreza CS400 and the one-off Volvo C30 PPC, whilst Jonathan Ross is the star in the reasonably priced car.",
    "thumb": "https://image.tmdb.org/t/p/w500/hjwO3SsHoKL8fu3bwYDTOBZccf.jpg"
  },
  "S16E04": {
    "title": "4. epizoda",
    "plot": "Jeremy Clarkson, Richard Hammond and James May set out to buy second hand convertibles and discover some of the unusual pitfalls to watch out for when picking up a used car bargain. Also, Jeremy is on the test track in the insanely powerful Pagani Zonda R. Meanwhile, Simon Pegg and Nick Frost are the stars in the Reasonably Priced Car.",
    "thumb": "https://image.tmdb.org/t/p/w500/i7CkLjVrHNkeD7o4vlLWGh4N4lw.jpg"
  },
  "S16E05": {
    "title": "5. epizoda",
    "plot": "Jeremy Clarkson, Richard Hammond and James May set out to end the chaos and misery that snowfall brings to Britain every year using a combine harvester, some basic engineering skills and a quick trip to Norway. Also, Jeremy is on the test track in the new Audi RS5 and the latest BMW M3. Meanwhile, Amber Heard is the guest in the Reasonably Priced Car.",
    "thumb": "https://image.tmdb.org/t/p/w500/3ckZuVIEMQeazmnixb7WGyMbrwI.jpg"
  },
  "S16E06": {
    "title": "6. epizoda",
    "plot": "Richard finally gets to drive his childhood supercar heroes, Jeremy races the new Jaguar XJ against the sun, James tests NASA's latest space exploration vehicle, and former deputy prime minister John Prescott hits the track.",
    "thumb": "https://image.tmdb.org/t/p/w500/thkDYMDRHD6nInc4jP9m2UxIdee.jpg"
  },
  "S17E01": {
    "title": "1. epizoda",
    "plot": "Jeremy drives a modern day interpretation of the E-type Jaguar as it celebrates its 50th birthday. Richard travels to South Africa where he test drives a larger, rugged alternative to the Hummer. James, with the help of Olympic athlete Amy Williams, takes a look at the latest Mini rally car.\n\nAlice Cooper as the Star in a Reasonably Priced Car",
    "thumb": "https://image.tmdb.org/t/p/w500/iyJATZ9mE6uPzIMChWbBlpfGmke.jpg"
  },
  "S17E02": {
    "title": "2. epizoda",
    "plot": "The team travel to Italy to test high-performance hatchbacks. Jeremy Clarkson is in the Citroen DS3 Racing, Richard Hammond is in the Fiat 500C Abarth and James May is in the Renaultsport Clio 200 Cup as they navigate their way round baffling Italian towns and take part in a scavenger hunt.",
    "thumb": "https://image.tmdb.org/t/p/w500/yN49CZ20e8xODUnuajiI9FnARlX.jpg"
  },
  "S17E03": {
    "title": "3. epizoda",
    "plot": "Jeremy Clarkson and Richard Hammond find second-hand bargains for the price of Britain's cheapest brand new car, the Nissan Pixo. James May is in Nevada to test the toughness of the Range Rover Evoque and chauffeuring a megastar through Las Vegas. Also, the McLaren MP4-12C is compared with its rival, the Ferrari 458.",
    "thumb": "https://image.tmdb.org/t/p/w500/2Qwkn9h2rN42njh3fiC0SWDFaQX.jpg"
  },
  "S17E04": {
    "title": "4. epizoda",
    "plot": "The presenters manage to finally find a good use for caravans after they try to make train travel cost less, faster and more interesting. Rowan Atkinson is the celebrity behind the wheel of the Reasonably Priced Car this week. Jeremy gets the chance to test drive the Jaguar XKR-S and the updated Nissan GT-R to compare the two cars.",
    "thumb": "https://image.tmdb.org/t/p/w500/ak2oNmiFLUqXq25o8iHftEc9Bwb.jpg"
  },
  "S17E05": {
    "title": "5. epizoda",
    "plot": "Jeremy Clarkson tries out the new Lotus T125, and an updated version of the classic Jensen Interceptor. Also, the team employs all manner of second-hand military equipment to knock down a row of derelict houses, aiming to complete the job in less time than a team of demolition experts.",
    "thumb": "https://image.tmdb.org/t/p/w500/roF6g7kUgoxiguiBRc0OjFCJVxo.jpg"
  },
  "S17E06": {
    "title": "6. epizoda",
    "plot": "Jeremy Clarkson and James May set out for the seaside in a pair of electric cars, the Nissan Leaf and the Peugeot iOn, stopping off in Lincoln along the way. Richard Hammond meets an extraordinary rally team in which everyone is an amputee with a military background, and finally the new Lamborghini Aventador is taken out on the track.",
    "thumb": "https://image.tmdb.org/t/p/w500/zIYfkm8yTDxKO4m2M3ZmEgiS1Nn.jpg"
  },
  "S18E01": {
    "title": "Rozstřel superaut v Itálii",
    "plot": "Jeremy Clarkson, Richard Hammond a James May míří do Itálie, kde rozhodnou o nejlepším z trojice aut - Lamborghini Aventador, McLaren MP4-12C a Noble M600. Jejich pouť začíná na neuvěřitelné testovací trati Nardo, zařízení tak velkém, že je vidět z vesmíru. Následně zamíří na sever na nervy drásající jízdu skrz centrum Říma. Jejich cesta končí na legendárním okruhu Imola, trati tak obtížné, že uvedla do rozpaků nejednoho pilota F1, kde pojedou na čas proti neuvěřitelným schopnostem Stiga.",
    "thumb": "https://image.tmdb.org/t/p/w500/qgBhNhD6bh3X1X5xKAru4I2dlUN.jpg"
  },
  "S18E02": {
    "title": "Top Gear jede do Číny",
    "plot": "Jeremy Clarkson a James May jedou do Pekingu, aby se podívali na rozmach čínského automobilového průmyslu. Zažijí také tvrdé setkání se Stigovým čínským bratrancem. Mezitím se Rochard Hammond vydává do Texasu, kde se ponoří do překvapivě zajímavého světa závodů NASCAR. Na trati Top Gearu udělá obrovský rámus a oblaka kouře Mercedes SLS Roadster. Hvězdou v autě za rozumnou cenu je Matt Le Blanc.",
    "thumb": "https://image.tmdb.org/t/p/w500/qyuOfVojhu3NRMsDE1l2czkfooa.jpg"
  },
  "S18E03": {
    "title": "3. epizoda",
    "plot": "Jeremy Clarkson and Richard Hammond are on location with the forthcoming Sweeney movie as they take charge of shooting the film's climactic car chase. Clarkson uses his expertise to choreograph the stunt driving whilst Hammond directs the movie's lead actors, Ray Winstone and Plan B, and organises an explosive finale. Meanwhile, back at the test track James May casts a suspicious eye over the new Vauxhall Corsa VXR Nurburgring and gives his verdict on the brand new Fiat Panda. Plus, Hollywood actor Ryan Reynolds is the Star in a Reasonably Priced Car.",
    "thumb": "https://image.tmdb.org/t/p/w500/zELmGlsbktJqr3QEwCupHNbbvq8.jpg"
  },
  "S18E04": {
    "title": "4. epizoda",
    "plot": "Jeremy Clarkson, Richard Hammond and James May embark on an ambitious project to build mobility scooters that can tackle the wilds of the British countryside. Meanwhile, the Ferrari FF and Bentley Continental V8 are put through their paces at a unique test track on the edge of the Arctic Circle, whilst James is in Florida where he tests the Fisker Karma and meets up with AC/DC frontman Brian Johnson. Hollywood star Michael Fassbender is the star in the reasonably priced car.",
    "thumb": "https://image.tmdb.org/t/p/w500/82mWSQ75565jncSUxTeWZErTyeN.jpg"
  },
  "S18E05": {
    "title": "5. epizoda",
    "plot": "Jeremy Clarkson and James May pay tribute to quirky and recently deceased Swedish car maker Saab. Richard Hammond races a rocket-powered flying man against a rally-spec Skoda and Jeremy smokes around the track in the Maserati Gran Turismo MC Stradale and the tyre shredding Mercedes C63 Black. Current Doctor Who Matt Smith is the star in the reasonably priced car.",
    "thumb": "https://image.tmdb.org/t/p/w500/qf4pbquzoNgt8HLA1yDqTyHffh1.jpg"
  },
  "S18E06": {
    "title": "6. epizoda",
    "plot": "Jeremy Clarkson, Richard Hammond and James May hit Donington in three stripped out track cars - the KTM X-Bow, the Morgan Three Wheeler and the Caterham R500. Back at the Top Gear airfield, Jeremy recreates the battle of Britain in an insane aero-engined Bentley and a flame spitting retro BMW. Blur bassist and professional cheese maker Alex James is the star in the Reasonably Priced Car.",
    "thumb": "https://image.tmdb.org/t/p/w500/yBkmykIc29LG5tDyMteiYSmM90a.jpg"
  },
  "S18E07": {
    "title": "7. epizoda",
    "plot": "Jeremy Clarkson, Richard Hammond and James May set out to discover if you can go motor racing for less than it costs to play golf. Richard is also out on the Top Gear test track in the brand new BMW M5 and there is a double helping of stars as rock legend Slash and Lotus F1 driver Kimi Raikkonen are let loose in the reasonably priced cars.",
    "thumb": "https://image.tmdb.org/t/p/w500/4CSZEZO0udj6KWvrK5DIwUAXTPU.jpg"
  },
  "S19E01": {
    "title": "1. epizoda",
    "plot": "Jeremy Clarkson attempts to build a car that is even smaller than the Peel P50 and then tests it out on the streets of London before pitching his concept in the Dragons' Den. James May puts the Bentley Continental GT Speed through its paces by taking it on a rally stage, while Richard Hammond drives the new Pagani Huayra hypercar before handing it over to the Stig. Golden Globe-winning Homeland star Damian Lewis goes for a spin in the Reasonably Priced Car.",
    "thumb": "https://image.tmdb.org/t/p/w500/5rNXAuWYdMXtjtrg0tNpd5aqXdI.jpg"
  },
  "S19E02": {
    "title": "2. epizoda",
    "plot": "Epic road trip across the western side of the United States in three front-engined supercars. With Jeremy Clarkson in a Lexus LFA, Richard Hammond driving the new Dodge Viper, and James May choosing the latest Aston Martin Vanquish, a glorious soundtrack is guaranteed, as are furious arguments about which is best as the trio head from Las Vegas to Los Angeles and on to Palm Springs. Along the way, the three presenters take in racing circuits, airborne attacks and a race against the police before making a break for the Mexican border with a terrifying penalty for the last car to make it. Meanwhile, back in the studio, legendary Fleetwood Mac drummer Mick Fleetwood is the star in the Reasonably Priced Car.",
    "thumb": "https://image.tmdb.org/t/p/w500/4KMdfFUeT3gHfJlBuxEMZntiOkc.jpg"
  },
  "S19E03": {
    "title": "3. epizoda",
    "plot": "Jeremy Clarkson, Richard Hammond and James May engage in an epic race from Wembley to the San Siro stadium in Milan. Hamstrung by a rule about price, Clarkson maximises his bang-for-buck with a 35,000 pound, 662 horsepower Shelby Mustang GT500, while Hammond and May pin their hopes to the ever-improving pan-European rail network. For the winner, tickets to a top flight football match. For the losers, only the stench of failure and a long trudge home. Plus, Jeremy slithers about the test track in the brand new Toyota GT86 coupe, and car-loving singer-songwriter Amy MacDonald is the star in the Reasonably Priced Car.",
    "thumb": "https://image.tmdb.org/t/p/w500/jUYpNP3zegULgukQQDkfCJdkRCJ.jpg"
  },
  "S19E04": {
    "title": "4. epizoda",
    "plot": "Jeremy Clarkson subjects the new Kia Cee'd to a thorough road test involving eels, curry, a rock legend, an American cop, and a rather unusual game of rugby involving James May. Meanwhile, Richard Hammond is in Mexico for a nervous road test of the Mastretta sports car, a trio of hot hatchbacks tear it up on the test track and Lewis Hamilton returns as the star in the Reasonably Priced Car.",
    "thumb": "https://image.tmdb.org/t/p/w500/aSld69lahuYynHP6xVKkjlVMjGu.jpg"
  },
  "S19E05": {
    "title": "5. epizoda",
    "plot": "Jeremy Clarkson and Richard Hammond tackle the twin problems of an ageing population and the increasing complexity of modern cars. Their solution is to design a vehicle exclusively for the elderly and then test it out in Dorset with a little help from a trio of pensioners. James May assesses the new Range Rover around London and then shifts to Nevada for the ultimate challenge against an autonomous military machine. James McAvoy is the star in the Reasonably Priced Car.",
    "thumb": "https://image.tmdb.org/t/p/w500/6SSpZpyYaPm4eqh7ovSeM9Sw1kF.jpg"
  },
  "S19E06": {
    "title": "Africký speciál, 1.část",
    "plot": "V první části dvoudílného speciálu Top Gearu se Jeremy Clarkson, Richard Hammond a James May vydávají do Afriky s jednoduchým úkolem - najít skutečný pramen Nilu. V průběhu let mnoho badatelů tvrdilo, že se jim to již podařilo, ale trojice z Top Gearu věří, že se jim to podaří lépe a že se dostanou dál a rychleji než jakýkoli badatelský tým v historii, a to pouze s pomocí odvahy, vynalézavosti a tří stárnoucích vozů kombi.",
    "thumb": "https://image.tmdb.org/t/p/w500/qXeWqUTSh1vLKTlaIQ3fWJwj88H.jpg"
  },
  "S19E07": {
    "title": "Africký speciál, 2.část",
    "plot": "Poté, co trojice přežila šílenou dopravní zácpu, smrtící sesuvy bahna a některé výrazně pochybné čtení v mapě, dosáhla se svými nemocnými vozy kombi vrcholu své výpravy za definitivním nalezením pramene řeky Nil.",
    "thumb": "https://image.tmdb.org/t/p/w500/AggNtK93WfoFgE7nkPmgkkt96HJ.jpg"
  },
  "S20E01": {
    "title": "1. epizoda",
    "plot": "The motoring magazine returns with the action kicking off in New Zealand, as Jeremy Clarkson and James May race a car against a boat in a nail-biting battle up the beautiful coastline to the very tip of the North Island. The boat is a state-of-the-art America's Cup yacht, while the car is of a type many are familiar with yet have never before seen on Top Gear. Meanwhile, back in the UK, Richard Hammond attempts to find a hot hatch hero from a trio of newcomers, the Renaultsport Clio 200, Peugeot 208 GTI and Ford Fiesta ST, and a cavalcade of top stars assemble at the track to welcome a brand new Reasonably Priced Car.",
    "thumb": "https://image.tmdb.org/t/p/w500/c1RdoQcXCXcKXZOpI5aYzCK4tQu.jpg"
  },
  "S20E02": {
    "title": "2. epizoda",
    "plot": "Jeremy Clarkson tests the sensational 730 horsepower Ferrari F12 in the wide open spaces of Scotland, Richard Hammond harnesses the power of motorsport to find the world's best taxi, and James May pays tribute to BBC Television Centre using a motorcyclist and a pair of parkour runners. Meanwhile, the extraordinary BAC Mono is put to the test on the track and movie director Ron Howard is the star in the brand new Reasonably Priced Car.",
    "thumb": "https://image.tmdb.org/t/p/w500/3MptJzW9zLmfB5oXf2QPpX65Ma4.jpg"
  },
  "S20E03": {
    "title": "3. epizoda",
    "plot": "Motoring magazine. Jeremy Clarkson, Richard Hammond and James May visit Spain, with Clarkson in a McLaren 12C Spider, Hammond driving a Ferrari 458 Spider and May using an Audi R8 V10 Spyder. Over the course of their travels the three presenters and their mid-range convertible supercars encounter mountain passes, ghost towns and an incredible abandoned airport, before building their own street circuit in the deserted developments of Madrid. Also in this show, Sherlock and Star Trek actor Benedict Cumberbatch is the star in the Reasonably Priced Car.",
    "thumb": "https://image.tmdb.org/t/p/w500/1KeX7ukVGoBKwIB1W94ej6TOQsg.jpg"
  },
  "S20E04": {
    "title": "4. epizoda",
    "plot": "Jeremy Clarkson, Richard Hammond and James May bring relief to flood-stricken areas of Britain by building a car that can turn into a hovercraft. After a bumpy start, the presenters demonstrate the brilliance of their creation with an eventful journey down the River Avon. Also in this show, Jeremy is on the track in the insane Mercedes SLS Black and the 739 horsepower SLS Electric, while Hollywood star Hugh Jackman is the star in the Reasonably Priced Car.",
    "thumb": "https://image.tmdb.org/t/p/w500/sD4uw9IJWoTHzYspmKH0npWTM0Z.jpg"
  },
  "S20E05": {
    "title": "5. epizoda",
    "plot": "Jeremy Clarkson and James May investigate an increasingly popular type of tall hatchback often referred to as a 'crossover'. After deducing that these cars are designed entirely to appeal to caravanners, the pair pick examples from Mazda and Volkswagen then use them to spend a couple of days living like the kind of person who would buy one. Meanwhile, Richard Hammond is in Italy driving a pair of Lamborghinis, the sensational Aventador Roadster and a 2 million pound, 570 horsepower riot of carbon fibre and space age styling called the Sesto Elemento. Plus, James May is at the test track to drive a modern recreation of the classic Porsche 911 and Aerosmith legend Steven Tyler is the rock star in the Reasonably Priced Car.",
    "thumb": "https://image.tmdb.org/t/p/w500/wwWLo5upavKicfSX3kt5DDelMWJ.jpg"
  },
  "S20E06": {
    "title": "6. epizoda",
    "plot": "Jeremy gets the chance to drive the Jaguar F-Type sports car on some of the country's finest roads. Richard test drives the new Range Rover Sport. James enjoys a countryside adventure on the New Bus for London.",
    "thumb": "https://image.tmdb.org/t/p/w500/eDGTGMBXQcf0EnxEYTPegTnE641.jpg"
  },
  "S21E01": {
    "title": "1. epizoda",
    "plot": "Jeremy Clarkson, Richard Hammond and James May immerse themselves in nostalgia and try to prove that hot hatches from their younger days are better than today's equivalents. Jeremy grabs the keys to a Volkswagen Golf GTI, Richard takes the wheel of a Vauxhall Nova SRi and James May opts for the Ford Fiesta XR2i, and the trio set off on a road trip that includes a hill climb and a visit to a supermarket. However, their adventure concludes at an army training ground in Wales, where they and their steeds must face the heavily armed Top Gear Police Department. Downton Abbey star Hugh Bonneville blasts the Reasonably Priced Car around the test track.",
    "thumb": "https://image.tmdb.org/t/p/w500/bq0BwADAZZJt2E1xpR4eXndcxnj.jpg"
  },
  "S21E02": {
    "title": "Alfa 4C proti Quadski",
    "plot": "Richard Hammond usedne za volant Alfa 4C s motorem uprostřed na březích jezera Como v Itálii - ale jeho radost z lehkého vozu překazí příjezd Jeremyho Clarkson, který chce závod proti své čtyřkolce. Jeremy se také vadá do Belgie, kde otestuje hyperauto McLaren P1 ve městě Bruggy a také na okruhu F1 Spa-Franchoramps - více než 900 koní kombinovaného výkonu elektrického motoru a přeplňované benzínové V8 pravděpodobně způsobí údiv. Mezitím James May vyrazí do Camp Bastion v Afghanistánu, kde se dozví o snaze armády o přemístění vozidel. Hvězdou v autě za rozumnou cenu je Tom Hiddleston, který si zahrál ve filmu Thor.",
    "thumb": "https://image.tmdb.org/t/p/w500/9AYlovo0NYkmdR0FqYU2d9GHzi7.jpg"
  },
  "S21E03": {
    "title": "Cesta po Ukrajině",
    "plot": "Tři milovníci benzínu demonstrují svou lásku k malým autům cestou an Ukrajinu. Jeremy si vezme Volkswagen Up, Richard Ford Fiesta a James May si vybere Dacii Sandero. Na jejich dobrodružství poznají historii Krymského poloostrova včetně návštěvy ponorkové základny - ale bezstarostné zkoumání se zřejmě stane otravný, když Jeremy, Richard a James dostanou výzvu k dlouhé jízdě napříč rozsáhlým územím Ukrajiny, během kterého musí bojovat s šílenou nudou. A kdyby to už tak nebylo náročné, v Kyjevě dostanou nový úkol - jet do pustiny kolem Černobylu. V tomto díle se také podíváme na nové dánské superauto Zenvo ST1. Hvězdou v autě za rozumnou cenu je James Blunt.",
    "thumb": "https://image.tmdb.org/t/p/w500/pjOOycZ0niHVa2fgSGJWV5yghif.jpg"
  },
  "S21E04": {
    "title": "Hammond v šestikolce",
    "plot": "Jeremy Clarkson vyráží do Itálie, aby usedl za volant ručně vyrobeného Touring Superleggera Disco Volante, které je založené na již tak vzácné Alfě Romeo 8C Competizione. Richard Hammond utvrdí svou autoritu v písečných dunách Abu Dhabí v šestikolovém Merced-Benz G63 AMG 6x6. James May popře svůj status Kapitána Šneka, když usedne do dvou Caterhamů na testovací trati - minimalistického dostupného Seven 160 a plnohodnotného přeplňovaného Sever 620R. Hvězdou v autě za rozumnou cenu je komik Jack Whitehall.",
    "thumb": "https://image.tmdb.org/t/p/w500/qRzhjYVHOQcZ9aDa5BUVnkCaNox.jpg"
  },
  "S21E05": {
    "title": "M135i proti GTI",
    "plot": "Richard Hammond řídi v Abu Dhabí nové hybridní sportovní auto Porsche 918, aby zjistil, jestli má vše potřebné pro poražení hyperauta P1 od McLarenu. Jeremy Clarkson a James May mají za úkol natočit a odprezentovat expertům včetně olympijského vítěze v cyklistice Chrise Boardmana krátký film o bezpečnosti jízdy na kole. Hvězdou v autě za rozumnou cenu je Aaron Paul známý z filmů Perníkový táta a Need for Speed.",
    "thumb": "https://image.tmdb.org/t/p/w500/aWPDzHNw4lyqDDkfBqqKSCqzl57.jpg"
  },
  "S21E06": {
    "title": "Barmský speciál část první",
    "plot": "Ve dvoudílném speciálu mají Jeremy Clarkson, Richard Hammond a James May za úkol postavit most přes řeku Kwai v Thajsku. Aby to dokázali, musí nejprve přejet přes zemi, která byla v posledních 40 letech převážně uzavřená lidem ze Západu - Barmu. Trojice musí svou cestu absolvovat ve třech nákladních vozech, které si koupili z omezeného rozpočtu. Není překvapením, že nejsou takové, jak si je moderátoři přáli či očekávali... Co následuje, je epická cesta plná krásných výhledů, nepřízně osudu, pokračujících selhání a neustálého pošťuchování mezi třemi moderátory.",
    "thumb": "https://image.tmdb.org/t/p/w500/yuAIeoId4hGciSNxI9FSv4feCxs.jpg"
  },
  "S21E07": {
    "title": "Barmský speciál část druhá",
    "plot": "Jeremy Clarkson, Richard Hammond a James May pokračují v jejich pouti ve třech starých a sotva funkčních náklaďácích, míří směrem k jejich poslední výzvě - postavit most přes řeku Kwai v Thajsku. Po zdolání hor musí nyní vjet do Šanského státu, území zmítaného občanskou válkou, které je běžně nepřístupné západním televizním štábům.",
    "thumb": "https://image.tmdb.org/t/p/w500/gBDSSHWAB28gopuwe68AzKForAQ.jpg"
  },
  "S22E01": {
    "title": "Závod Petrohradem",
    "plot": "Jeremy řídí vznášedlo, James auto, Richard jede na kole a Stig používá veřejnou dopravu v závodě skrz Petrohrad. Richard testuje nové Lamborghini Huracan. Hvězdou v autě za rozumnou cenu je Ed Sheeran.",
    "thumb": "https://image.tmdb.org/t/p/w500/ppr79yuubxg5CBANCwTW2mX45tj.jpg"
  },
  "S22E02": {
    "title": "Cesta australským Severním teritoriem v autech GT",
    "plot": "Chlapci vyrazí na cestu přes australské Severní teritorium  v BMW M6 Gran Coupe, Bentley Continental GT V8 a Nissanu GT-R. Hvězdou v autě za rozumnou cenu je Kiefer Sutherland.",
    "thumb": "https://image.tmdb.org/t/p/w500/lgtjpbJBLVTOeymDOMXrzoimDnZ.jpg"
  },
  "S22E03": {
    "title": "Sanitky domácí výroby",
    "plot": "Chlapci zkusí vylepšit dojezdové časy záchranné služby vytvořením jejich vlastních sanitek. Hvězdou v autě za rozumnou cenu je Daniel Ricciardo.",
    "thumb": "https://image.tmdb.org/t/p/w500/yVIEteIH8E8yWrPsHCKVI2c035I.jpg"
  },
  "S22E04": {
    "title": "Pocta Land Roveru Defender",
    "plot": "Jeremy řídí BMW i8, venkovský jeliman vzdá hold Land Roveru Defender a May je... no prostě May.",
    "thumb": "https://image.tmdb.org/t/p/w500/nrcZSYSv5Jrtl14dr9UliAn4tfc.jpg"
  },
  "S22E05": {
    "title": "May a Clarkson se podívají do podivné a úžasné historie Peugeotu",
    "plot": "James a Jeremy se ponoří do historie Peugeotu, Richard porovná nové Porsche Cayman GTS a nový Chevrolet Corvette. James předvede nový 950koňový hyper-hybrid LaFerrari. Hvězdou v autě za rozumnou cenu je zpěvák Olly Murs.",
    "thumb": "https://image.tmdb.org/t/p/w500/9jFHSN49PzPWE6S0rzMBBQsS6eS.jpg"
  },
  "S22E06": {
    "title": "Hammonda vyloží v Kanadě, aby otestovali SOS hodinky",
    "plot": "Richard Hammond jede testovat hodinky na horu v Kanadě. Jeremy Clarkson a James May se ho pokusí zachránit ve dvou amerických autech. Jeremy Clarkson otestuje nové auto od Lexusu. Hvězdou v autě za rozumnou cenu je Gillian Anderson.",
    "thumb": "https://image.tmdb.org/t/p/w500/36SBO9rRP19mJpkFv9H6LXqXh7Z.jpg"
  },
  "S22E07": {
    "title": "May se účastní světového závodu rallycrossu po boku Tannera Fousta",
    "plot": "James May usedne do výrazně upraveného hatchbacku, když se zúčastní světového závodu rallycrossu po boku profesionálního závodníka Tannera Fousta, který uvádí americký Top Gear. Jeremy Clarkson prožene nejnovější Jaguar F-type a modernizovaný Eagle E-type Low Drag GT, zatímco Richard Hammond ve Španělsku vyzkouší novou verzi Mazda MX-5. Hvězdou v autě za rozumnou cenu je herec Nicholas Hoult.",
    "thumb": "https://image.tmdb.org/t/p/w500/iqeD5GwMAzKC0iH2batTJDNYAiV.jpg"
  },
  "S22E08": {
    "title": "Klasika a volný životní styl",
    "plot": "Speciální 75minutová epizoda obsahuje dvě závěrečné části 22. sezóny. V první se Jeremy, Richard a James ponoří do životního stylu tradičního milovníka klasických aut. Ve druhé části Clarkson, Hammond a May vyzkouší volný životní styl za pomoci několika neuvěřitelně laciných vozů.",
    "thumb": "https://image.tmdb.org/t/p/w500/aAkR04HM4kAUj8bmTAkWgLRp6fR.jpg"
  }
}