<?xml version="1.0" encoding="UTF-8" standalone="yes"?>
<addon id="plugin.video.aliceinborderland"
       name="Alice in Borderland (Elementum)"
       version="0.0.1"
       provider-name="DavioCZ">
  <requires>
    <import addon="xbmc.python" version="3.0.0"/>
    <import addon="plugin.video.elementum" version="0.1.84"/>
  </requires>
  <extension point="xbmc.python.pluginsource"
             library="resources/lib/default.py">
    <provides>video</provides>
  </extension>
  <extension point="xbmc.addon.metadata">
    <summary lang="en_GB">Alice in Borderland S03 (Elementum)</summary>
    <summary lang="cs_CZ">Alice in Borderland 3. série (Elementum)</summary>
    <description lang="en_GB">Stream Alice in Borderland Season 3 (1080p WEB-DL) from a specific torrent package using Elementum.</description>
    <description lang="cs_CZ">Přehrávání 3. série seriálu Alice in Borderland (1080p WEB-DL) z jednoho torrent balíku pomocí Elementum.</description>
    <platform>all</platform>
    <license>MIT</license>
    <assets>
      <icon>icon.png</icon>
      <fanart>fanart.jpg</fanart>
    </assets>
  </extension>
</addon>