<?xml version="1.0" encoding="UTF-8" standalone="yes"?>
<addon id="plugin.video.topgear"
       name="Top Gear (Elementum)"
       version="0.0.1"
       provider-name="DavioCZ">
  <requires>
    <import addon="xbmc.python" version="3.0.0"/>
    <import addon="plugin.video.elementum" version="0.1.84"/>
  </requires>
  <extension point="xbmc.python.pluginsource"
             library="resources/lib/default.py">
    <provides>video</provides>
  </extension>
  <extension point="xbmc.addon.metadata">
    <summary lang="en_GB">Top Gear (Elementum)</summary>
    <summary lang="cs_CZ">Top Gear (Elementum)</summary>
    <description lang="en_GB">Stream Top Gear (S01-S22, CZ) from a single torrent package using Elementum.</description>
    <description lang="cs_CZ">Přehrávání pořadu Top Gear (S01-S22, CZ dabing) z jednoho torrent balíku pomocí Elementum.</description>
    <platform>all</platform>
    <license>MIT</license>
    <assets>
      <icon>icon.png</icon>
      <fanart>fanart.jpg</fanart>
    </assets>
  </extension>
</addon>