oindex,elementum_index,path
0,3,Futufilmy/Milion a jedno chapadlo.avi
1,1,Futufilmy/Benderovo parádní terno.avi
2,2,Futufilmy/Fialový trpaslík.avi
3,0,Futufilmy/Benderova hra.avi
4,8,Futurama 1. série/01x05 Útěk z planety robotů .avi
5,5,Futurama 1. série/01x02 Na Měsíc a dál.avi
6,6,Futurama 1. série/01x03 Nejlepší přítel robota.avi
7,7,Futurama 1. série/01x04 Marná vesmírné lásky snaha .avi
8,12,Futurama 1. série/01x09 Peklo jsou ti druzí roboti.avi
9,11,Futurama 1. série/01x08 Drtivý odpad.avi
10,9,Futurama 1. série/01x06 Konzerva za všechny prachy .avi
11,10,Futurama 1. série/01x07 Má tři slunce.avi
12,4,Futurama 1. série/01x01 Vesmírný pilot .avi
13,28,Futurama 2. série/02x16 Bájné město Atlanta.avi
14,32,Futurama 2. série/02x20 Krajně mezní příběhy.avi
15,31,Futurama 2. série/02x19 Den Matky.avi
16,30,Futurama 2. série/02x18 Trable s poplíky.avi
17,14,Futurama 2. série/02x02 Marťanská univerzita.avi
18,29,Futurama 2. série/02x17 Mafián Bender.avi
19,19,Futurama 2. série/02x07 Do voleb hlava nehlava .avi
20,24,Futurama 2. série/02x12 Zuřící Bender .avi
21,22,Futurama 2. série/02x10 Mám tě po krk .avi
22,18,Futurama 2. série/02x06 Brannigan vrací úder .avi
23,15,Futurama 2. série/02x03 Den závislosti .avi
24,27,"Futurama 2. série/02x15 To je on, můj klon.avi"
25,23,Futurama 2. série/02x11 To menší zlo .avi
26,21,Futurama 2. série/02x09 Zamilovaný korýš.avi
27,13,Futurama 2. série/02x01 Zkáza Titaniku .avi
28,16,Futurama 2. série/02x04 Fry a továrna na Slurm .avi
29,26,Futurama 2. série/02x14 Ve spárech birokracie.avi
30,25,Futurama 2. série/02x13 O původu Kyklopů.avi
31,20,Futurama 2. série/02x08 První společné Vánoce .avi
32,17,Futurama 2. série/02x05 Citové pouto.avi
33,40,Futurama 3. série/03x08 Humrův humor.avi
34,33,Futurama 3. série/03x01 Kvílení autodlaků .avi
35,41,Futurama 3. série/03x09 Bender mezi tučňáky.avi
36,37,Futurama 3. série/03x05 Amazonky to chtějí taky.avi
37,34,Futurama 3. série/03x02 Zachraňte vojína Bendera .avi
38,39,Futurama 3. série/03x07 Tahle země není pro blby .avi
39,45,Futurama 3. série/03x13 Zpívání všechny chmury nahání.avi
40,42,Futurama 3. série/03x10 Víc neštěstí než rozumu.avi
41,47,Futurama 3. série/03x15 Nebezpečné roboznámosti.avi
42,44,Futurama 3. série/03x12 Roboti musejí být šílení.avi
43,43,Futurama 3. série/03x11 Tucet sirotků.avi
44,46,Futurama 3. série/03x14 Tak skáče čas.avi
45,36,Futurama 3. série/03x04 Vyhnání z Frye.avi
46,35,Futurama 3. série/03x03 Jak ztratit holku za 1000 let.avi
47,38,Futurama 3. série/03x06 Lásska Benderovská.avi
48,56,Futurama 4. série/04x09 Burza bezcenných papírů.avi
49,48,Futurama 4. série/04x01 Rozval Roswell .avi
50,58,Futurama 4. série/04x11 Železný kuchař.avi
51,54,Futurama 4. série/04x07 Pracant egyptský.avi
52,51,Futurama 4. série/04x04 Valentýnská odysea .avi
53,52,Futurama 4. série/04x05 O původu Leely.avi
54,57,Futurama 4. série/04x10 Liga vyjímečných břídilů.avi
55,49,Futurama 4. série/04x02 Dva Santové tankují super.avi
56,50,Futurama 4. série/04x03 Krajně mezní příběhy 2.avi
57,53,Futurama 4. série/04x06 Pod kopyty bugolů.avi
58,59,Futurama 4. série/04x12 Kam se dosud žádný fanoušek nevydal.avi
59,55,Futurama 4. série/04x08 Božský Bender.avi
60,62,Futurama 5. série/05x03 Juniorské mistrovství zla.avi
61,74,Futurama 5. série/05x15 Bendera by měli v tetevizi zakázat.avi
62,66,Futurama 5. série/05x07 Leela běží o životy.avi
63,67,Futurama 5. série/05x08 Fryův smysl života.avi
64,75,Futurama 5. série/05x16 Smlouva s roboďáblem .avi
65,73,Futurama 5. série/05x14 Ztraceno v upgardu .avi
66,60,Futurama 5. série/05x01 Nikdo to rád horké.avi
67,69,Futurama 5. série/05x10 Krabice do neznáma .avi
68,61,Futurama 5. série/05x02 Čtyři z rakety a pes.avi
69,64,Futurama 5. série/05x05 Zbouchnutej.avi
70,68,Futurama 5. série/05x09 Žihadlo.avi
71,70,Futurama 5. série/05x11 Tři sta babek .avi
72,65,Futurama 5. série/05x06 Temný raubíř .avi
73,72,Futurama 5. série/05x13 Benderové nepláčou.avi
74,63,Futurama 5. série/05x04 Jak chutná svoboda.avi
75,71,Futurama 5. série/05x12 Afryodisiakum .avi
76,76,Futurama 6. série/06x01 Znovuzrození .avi
77,87,Futurama 6. série/06x12 Mutanti se bouří.avi
78,82,Futurama 6. série/06x07 Lepší později než pozdě .avi
79,83,Futurama 6. série/06x08 Černý diblík a bílý kocour.avi
80,79,Futurama 6. série/06x04 Návrh nekonečno.avi
81,85,Futurama 6. série/06x10 Tělo mého přítele.avi
82,77,Futurama 6. série/06x02 Adam a Leela.avi
83,80,Futurama 6. série/06x05 Šifra mistra blbonarda .avi
84,81,Futurama 6. série/06x06 Číslo pět nežije .avi
85,78,Futurama 6. série/06x03 Krutá aplikace.avi
86,86,Futurama 6. série/06x11 Ndndesmířitelné lrrrozdíly.avi
87,84,Futurama 6. série/06x09 Přírobověda .avi
88,88,Futurama 6. série/06x13 Vánoční sspektákl.avi
89,97,Futurama 7. série/07x09 Honba za svobodnou vůlí.avi
90,100,Futurama 7. série/07x12 Hon na robolišku.avi
91,95,Futurama 7. série/07x07 V Boji Proti Stroji.avi
92,96,Futurama 7. série/07x08 Tenkrát na Oktoberfestu.avi
93,99,Futurama 7. série/07x11 Viva Mars Vegas.avi
94,98,Futurama 7. série/07x10 Skoro poslední přání.avi
95,90,Futurama 7. série/07x02 Chyť mě za Ruku.avi
96,94,Futurama 7. série/07x06 Ostudový Dotek.avi
97,93,Futurama 7. série/07x05 Rozvod po Mutantsku.avi
98,89,Futurama 7. série/07x01 Sexuální Praktiky Robotů.avi
99,92,Futurama 7. série/07x04 Zloděj na Pytel.avi
100,101,Futurama 7. série/07x13 Přírodňárna.avi
101,91,Futurama 7. série/07x03 Narodím se Zítra.avi
102,105,Futurama 7. série/07x17 Píseň železničáře.avi
103,110,Futurama 7. série/07x22 Genům navzdory.avi
104,104,Futurama 7. série/07x16 Tydýt mimozemšťan.avi
105,114,Futurama 7. série/07x26 Mezitím.avi
106,107,Futurama 7. série/07x19 Sobotní zábavné dopoledne.avi
107,106,Futurama 7. série/07x18 Hrátky s ohněm.avi
108,113,Futurama 7. série/07x25 Rozum a čich.avi
109,109,"Futurama 7. série/07x21 Zadečku, vrať se.avi"
110,102,Futurama 7. série/07x14 Rychle a zploštile.avi
111,103,Futurama 7. série/07x15 Opičí úlet.avi
112,111,Futurama 7. série/07x23 Hra o tóny.avi
113,108,Futurama 7. série/07x20 Kalkulon 2.0.avi
114,112,Futurama 7. série/07x24 Vražda v Planet Expresu.avi
115,115,Futurama 8. série/08x01 Neutopie.avi
116,122,Futurama 8. série/08x08 Mobius Dick.avi
117,118,Futurama 8. série/08x04 Fryority report.avi
118,120,Futurama 8. série/08x06 Malý kabelový kabaret.avi
119,125,Futurama 8. série/08x11 Bojovníci s rýmou.avi
120,123,Futurama 8. série/08x09 Jedno vejce do skla .avi
121,116,Futurama 8. série/08x02 Benderama.avi
122,121,Futurama 8. série/08x07 Čest rodiny Farnsworthů.avi
123,127,Futurama 8. série/08x13 Reinkarnace .avi
124,126,Futurama 8. série/08x12 Rychlé čipy.avi
125,119,Futurama 8. série/08x05 Mlčení cvakátek.avi
126,124,Futurama 8. série/08x10 Léčba Zoidbergem.avi
127,117,Futurama 8. série/08x03 Krotitelé roboduchů.avi
