{
  "o2e": {
    "0": 3,
    "1": 1,
    "2": 2,
    "3": 0,
    "4": 8,
    "5": 5,
    "6": 6,
    "7": 7,
    "8": 12,
    "9": 11,
    "10": 9,
    "11": 10,
    "12": 4,
    "13": 28,
    "14": 32,
    "15": 31,
    "16": 30,
    "17": 14,
    "18": 29,
    "19": 19,
    "20": 24,
    "21": 22,
    "22": 18,
    "23": 15,
    "24": 27,
    "25": 23,
    "26": 21,
    "27": 13,
    "28": 16,
    "29": 26,
    "30": 25,
    "31": 20,
    "32": 17,
    "33": 40,
    "34": 33,
    "35": 41,
    "36": 37,
    "37": 34,
    "38": 39,
    "39": 45,
    "40": 42,
    "41": 47,
    "42": 44,
    "43": 43,
    "44": 46,
    "45": 36,
    "46": 35,
    "47": 38,
    "48": 56,
    "49": 48,
    "50": 58,
    "51": 54,
    "52": 51,
    "53": 52,
    "54": 57,
    "55": 49,
    "56": 50,
    "57": 53,
    "58": 59,
    "59": 55,
    "60": 62,
    "61": 74,
    "62": 66,
    "63": 67,
    "64": 75,
    "65": 73,
    "66": 60,
    "67": 69,
    "68": 61,
    "69": 64,
    "70": 68,
    "71": 70,
    "72": 65,
    "73": 72,
    "74": 63,
    "75": 71,
    "76": 76,
    "77": 87,
    "78": 82,
    "79": 83,
    "80": 79,
    "81": 85,
    "82": 77,
    "83": 80,
    "84": 81,
    "85": 78,
    "86": 86,
    "87": 84,
    "88": 88,
    "89": 97,
    "90": 100,
    "91": 95,
    "92": 96,
    "93": 99,
    "94": 98,
    "95": 90,
    "96": 94,
    "97": 93,
    "98": 89,
    "99": 92,
    "100": 101,
    "101": 91,
    "102": 105,
    "103": 110,
    "104": 104,
    "105": 114,
    "106": 107,
    "107": 106,
    "108": 113,
    "109": 109,
    "110": 102,
    "111": 103,
    "112": 111,
    "113": 108,
    "114": 112,
    "115": 115,
    "116": 122,
    "117": 118,
    "118": 120,
    "119": 125,
    "120": 123,
    "121": 116,
    "122": 121,
    "123": 127,
    "124": 126,
    "125": 119,
    "126": 124,
    "127": 117
  },
  "se2e": {
    "S01E05": 8,
    "S01E02": 5,
    "S01E03": 6,
    "S01E04": 7,
    "S01E09": 12,
    "S01E08": 11,
    "S01E06": 9,
    "S01E07": 10,
    "S01E01": 4,
    "S02E16": 28,
    "S02E20": 32,
    "S02E19": 31,
    "S02E18": 30,
    "S02E02": 14,
    "S02E17": 29,
    "S02E07": 19,
    "S02E12": 24,
    "S02E10": 22,
    "S02E06": 18,
    "S02E03": 15,
    "S02E15": 27,
    "S02E11": 23,
    "S02E09": 21,
    "S02E01": 13,
    "S02E04": 16,
    "S02E14": 26,
    "S02E13": 25,
    "S02E08": 20,
    "S02E05": 17,
    "S03E08": 40,
    "S03E01": 33,
    "S03E09": 41,
    "S03E05": 37,
    "S03E02": 34,
    "S03E07": 39,
    "S03E13": 45,
    "S03E10": 42,
    "S03E15": 47,
    "S03E12": 44,
    "S03E11": 43,
    "S03E14": 46,
    "S03E04": 36,
    "S03E03": 35,
    "S03E06": 38,
    "S04E09": 56,
    "S04E01": 48,
    "S04E11": 58,
    "S04E07": 54,
    "S04E04": 51,
    "S04E05": 52,
    "S04E10": 57,
    "S04E02": 49,
    "S04E03": 50,
    "S04E06": 53,
    "S04E12": 59,
    "S04E08": 55,
    "S05E03": 62,
    "S05E15": 74,
    "S05E07": 66,
    "S05E08": 67,
    "S05E16": 75,
    "S05E14": 73,
    "S05E01": 60,
    "S05E10": 69,
    "S05E02": 61,
    "S05E05": 64,
    "S05E09": 68,
    "S05E11": 70,
    "S05E06": 65,
    "S05E13": 72,
    "S05E04": 63,
    "S05E12": 71,
    "S06E01": 76,
    "S06E12": 87,
    "S06E07": 82,
    "S06E08": 83,
    "S06E04": 79,
    "S06E10": 85,
    "S06E02": 77,
    "S06E05": 80,
    "S06E06": 81,
    "S06E03": 78,
    "S06E11": 86,
    "S06E09": 84,
    "S06E13": 88,
    "S07E09": 97,
    "S07E12": 100,
    "S07E07": 95,
    "S07E08": 96,
    "S07E11": 99,
    "S07E10": 98,
    "S07E02": 90,
    "S07E06": 94,
    "S07E05": 93,
    "S07E01": 89,
    "S07E04": 92,
    "S07E13": 101,
    "S07E03": 91,
    "S07E17": 105,
    "S07E22": 110,
    "S07E16": 104,
    "S07E26": 114,
    "S07E19": 107,
    "S07E18": 106,
    "S07E25": 113,
    "S07E21": 109,
    "S07E14": 102,
    "S07E15": 103,
    "S07E23": 111,
    "S07E20": 108,
    "S07E24": 112,
    "S08E01": 115,
    "S08E08": 122,
    "S08E04": 118,
    "S08E06": 120,
    "S08E11": 125,
    "S08E09": 123,
    "S08E02": 116,
    "S08E07": 121,
    "S08E13": 127,
    "S08E12": 126,
    "S08E05": 119,
    "S08E10": 124,
    "S08E03": 117
  }
}