<?xml version="1.0" encoding="UTF-8" standalone="yes"?>
<addon id="plugin.video.futurama"
       name="Futurama (Elementum)"
       version="0.0.1"
       provider-name="DavioCZ">
  <requires>
    <import addon="xbmc.python" version="3.0.0"/>
    <import addon="plugin.video.elementum" version="0.1.84"/>
  </requires>
  <extension point="xbmc.python.pluginsource"
             library="resources/lib/default.py">
    <provides>video</provides>
  </extension>
  <extension point="xbmc.addon.metadata">
    <summary lang="en_GB">Futurama (Elementum)</summary>
    <summary lang="cs_CZ">Futurama (Elementum)</summary>
    <description lang="en_GB">A minimalistic video-addon to stream Futurama (S01-S08, CZ 1080p) from a single torrent package using the Elementum addon.</description>
    <description lang="cs_CZ">Minimalistický video-addon pro přehrávání Futramy (S01-S08, CZ 1080p) z jednoho torrent balíku pomocí doplňku Elementum.</description>
    <disclaimer lang="en_GB">All content is provided by the Elementum addon from public torrent sources. The authors of this addon do not host any content.</disclaimer>
    <disclaimer lang="cs_CZ">Veškerý obsah je poskytován doplňkem Elementum z veřejných torrentových zdrojů. Autoři tohoto doplňku nehostují žádný obsah.</disclaimer>
    <platform>all</platform>
    <license>MIT</license>
    <assets>
      <icon>icon.png</icon>
      <fanart>fanart.jpg</fanart>
    </assets>
  </extension>
</addon>
