<?xml version="1.0" encoding="UTF-8" standalone="yes"?>
<addon id="repository.kodicek" name="Kodíček Repository" version="0.0.1" provider-name="Tým Kodíček">
    <extension point="xbmc.addon.repository" name="Kodíček Repository">
        <dir>
            <info compressed="false">_PLACEHOLDER_URL_/addons.xml</info>
            <checksum>_PLACEHOLDER_URL_/addons.xml.md5</checksum>
            <datadir zip="true">_PLACEHOLDER_URL_/zips/</datadir>
        </dir>
    </extension>
    <extension point="xbmc.addon.metadata">
        <summary>Instalační repozitář pro doplněk Kodíček</summary>
        <description>Oficiální repozitář pro instalaci a aktualizace doplňku Kodíček a jeho závislostí.</description>
        <platform>all</platform>
        <assets>
            <icon>icon.png</icon>
            <fanart>fanart.jpg</fanart>
        </assets>
    </extension>
</addon>
