<?xml version="1.0" encoding="UTF-8" standalone="yes"?>
<addon id="plugin.video.kodicek"
       name="Kodíček"
       version="0.0.101"
       provider-name="DavioCZ">

    <requires>
        <import addon="xbmc.python" version="3.0.0"/>
        <import addon="script.module.requests" version="2.31.0"/>
        <!-- <import addon="script.module.beautifulsoup4" version="0.0.0"/> -->
        <import addon="script.module.unidecode" version="0.4.16"/>
    </requires>

    <extension point="xbmc.python.pluginsource" library="kodicek.py">
        <provides>video</provides>
    </extension>

    <extension point="xbmc.addon.metadata" icon="icon.png">
        <summary lang="cs">Jednoduchý vyhledávač a přehrávač filmů z Webshare pro Kodi.</summary>
        <disclaimer lang="cs">Plugin neposkytuje žádný obsah, je to jen simulace prohlížeče veřejně dostupné web stránky. Nejsem zodpovědný za obsah, který tato stránka poskytuje.</disclaimer>
        <platform>all</platform>
        <license>AGPL 3.0</license>
        <!-- Zde můžeš uvést odkaz na fórum nebo repo -->
        <!-- <forum>https://www.xbmc-kodi.cz/prispevek-kodicek</forum> -->
        <!-- <source>https://github.com/DavioCZ/Kodicek</source> -->
        <assets>
            <icon>icon.png</icon>
            <fanart>fanart.jpg</fanart>
        </assets>
        <news>
            [B]1.3.3[/B] - 2025-06-25 - Změna názvu testovací funkce a oprava vyhledávání seriálů se speciálními znaky.
            [B]1.3.2[/B] - 2025-06-25 - Přidání položky "Nastavení" a automatické obnovení menu po změnách.
            [B]1.3.1[/B] - 2025-06-25 - Oprava pádu při nenalezení zdrojů na Webshare.
            [B]1.3.0[/B] - 2025-06-13 - Rozšířená podpora pro seriály s navigací sezón a epizod.
            [B]1.2.3[/B] - 2025-06-24 - Oprava parseru a vyhledávání pro Sdilej.cz.
            [B]1.2.2[/B] - 2025-06-24 - Přidáno testovací vyhledávání pro Sdílej.cz a oprava hashování hesla.
            [B]1.2.1[/B] - 2025-06-24 - Oprava přihlašování na Webshare a přidána možnost ručního zadání WST tokenu.
            [B]1.2.0[/B] - 2025-06-13 - Vylepšené vyhledávání TMDB s tolerancí roku, flexibilnější párování roku ve Webshare.
            [B]1.1.0[/B] - Streamuj.tv integration completely removed.
            [B]1.0.0[/B] - První verze Kodíčku: jednoduché vyhledávání a přehrávání z Webshare.
        </news>
    </extension>

</addon>
