<?xml version="1.0" encoding="UTF-8" standalone="yes"?>
<addon id="repository.kodicek"
       name="Kodíček Repo"
       version="0.0.1"
       provider-name="DavioCZ">

  <!-- ① Definice repozitáře -->
  <extension point="xbmc.addon.repository" name="Kodicek Repo">
    <dir>
      <info compressed="false">https://raw.githubusercontent.com/**DavioCZ/DavioCZ.github.io**/main/repository.kodicek/addons.xml</info>
      <checksum>https://raw.githubusercontent.com/**DavioCZ/DavioCZ.github.io**/main/repository.kodicek/addons.xml.md5</checksum>
      <datadir zip="true">https://raw.githubusercontent.com/**DavioCZ/DavioCZ.github.io**/main/repository.kodicek/zips/</datadir>
    </dir>
  </extension>

  <!-- ② Meta-data (nepovinné, ale Kodi je zobrazí hezčí) -->
  <extension point="xbmc.addon.metadata">
    <summary lang="cs">Oficiální repozitář pro doplněk Kodíček.</summary>
    <description lang="cs">
      Umožňuje instalovat a automaticky aktualizovat doplněk plugin.video.kodicek.
    </description>
    <platform>all</platform>
    <assets>
      <icon>icon.png</icon>
      <fanart>fanart.jpg</fanart>
    </assets>
  </extension>

</addon>
