<?xml version="1.0" encoding="UTF-8" standalone="yes"?>
<addon id="plugin.video.kodicek"
       name="Kodicek"
       version="1.7.1"
       provider-name="DavioCZ">

    <requires>
        <import addon="xbmc.python" version="3.0.1"/>
        <import addon="script.module.requests" version="2.31.0"/>
        <import addon="script.module.unidecode" version="0.4.16"/>
        <!-- Přidej Up Next, jinak overlay neví, že vůbec existuje -->
        <import addon="service.upnext" version="1.1.3"/>
    </requires>

    <extension point="xbmc.python.pluginsource" library="kodicek.py">
        <provides>video</provides>
    </extension>

    <!-- Entry point služby -->
    <extension point="xbmc.service" library="service.py">
        <provides>service</provides>
    </extension>

    <!-- Ať jde importovat moduly z resources/lib -->
    <extension point="xbmc.python.module" library="resources/lib/"/>

    <extension point="xbmc.addon.metadata" icon="icon.png">
        <summary lang="cs">Jednoduchy vyhledavac a prehravac filmu a serialu z Webshare, Sdilej.cz a dalsich zdroju pro Kodi.</summary>
        <disclaimer lang="cs">Tento doplnek je vyvijen ciste pro vzdelavaci a testovaci ucely. Autor nehostuje zadny obsah a nenese odpovednost za jeho vyuziti. Veskery obsah je ziskan z verejne dostupnych zdroju.</disclaimer>
        <platform>all</platform>
        <license>AGPL 3.0</license>
        <!-- Zde muzete uvest odkaz na forum nebo repo -->
        <!-- <forum>https://www.xbmc-kodi.cz/prispevek-kodicek</forum> -->
        <!-- <source>https://github.com/DavioCZ/Kodicek</source> -->
        <assets>
            <icon>icon.png</icon>
            <fanart>fanart.jpg</fanart>
        </assets>
        <news>
            [B]1.7.1[/B] - 2025-10-16 - **Udrzba a stabilita:**
            - Odstraneny zastarale sluzby a vycistene zavislosti okolo prehravani.
            - Vylepsena prace s playlisty a overene InfoTagVideo settery vcetne odstraneni neplatnych volani.
            - Stabilita: Opraveny chyby s "busy dialogy" a `UnboundLocalError` diky bezpecne inicializaci promenych a peclivemu predavani dat.
            - Autentizace: Zajisteno, ze tokeny jsou cerstve pri cteni streamu z playlistu.
            - Fallback: Vylepsen fallback pro "File temporarily unavailable" na Webshare.
            [B]1.7.0[/B] - 2025-07-07 - Oprava zpracovani presmerovacich URL ze Sdilej.cz, vylepsene prihlasovani a stability.
            [B]1.6.0[/B] - 2025-07-07 - Implementace plynulejsiho prehravani dalsich epizod vcetne oprav a optimalizaci.
            [B]1.5.0[/B] - 2025-07-07 - Odebrana experimentalni podpora Fastshare, pridany opravy pro TMDb/Webshare a vylepsena struktura pro rychlejsi instalaci.
        </news>
    </extension>

</addon>
