<?xml version='1.0' encoding='utf-8'?>
<addon id="repository.kodicek" name="Kodicek Repository" version="0.1.0" provider-name="DavioCZ">
    <extension point="xbmc.addon.repository" name="Kodicek Repository">
        <info compressed="false">https://daviocz.github.io/addons.xml</info>
        <checksum>https://daviocz.github.io/addons.xml.md5</checksum>
        <datadir zip="true">https://daviocz.github.io/</datadir>
    </extension>
    <extension point="xbmc.addon.metadata">
        <summary>Instalační repozitář pro doplňky od DavioCZ</summary>
        <description>Tento repozitář obsahuje doplňky pro Kodi, včetně populárního pluginu Kodíček pro přehrávání online obsahu.</description>
        <disclaimer />
        <platform>all</platform>
        <assets>
            <icon>icon.png</icon>
            <fanart>fanart.jpg</fanart>
        </assets>
    </extension>
</addon>